{
"type": "FeatureCollection",
"name": "towns",
"crs": { "type": "name", "properties": { "name": "urn:ogc:def:crs:EPSG::4612" } },
"features": [
{"type":"Feature","properties":{"KEY_CODE":"132240011","PREF":"13","CITY":"224","S_AREA":"001100","PREF_NAME":"東京都","CITY_NAME":"多摩市","S_NAME":"関戸","KIGO_E":null,"HCODE":8101,"AREA":845012.146,"PERIMETER":6428.786,"R2KAxx":5108,"R2KAxx_ID":5107,"KIHON1":"0011","DUMMY1":"-","KIHON2":"00","KEYCODE1":"224001100","KEYCODE2":"2240011","AREA_MAX_F":"M","KIGO_D":null,"N_KEN":null,"N_CITY":null,"KIGO_I":null,"KBSUM":1,"JINKO":0,"SETAI":0,"X_CODE":139.454501,"Y_CODE":35.653414,"KCODE1":"0011-00","visited":0},"geometry":{"type":"MultiPolygon","coordinates":[[[[139.443998624250867,35.657699195743803],[139.445715914645206,35.657264613014931],[139.447538332151282,35.65680104649374],[139.449502931541303,35.656298118228477],[139.449691199951928,35.656261676314131],[139.450496052811786,35.656042098875893],[139.450939209681565,35.655903582473783],[139.451474589238217,35.65572127532986],[139.452026383919133,35.6555526064407],[139.452949402735385,35.655237862280551],[139.453247363169197,35.655158279128493],[139.453912527240846,35.654997670485649],[139.455532381640523,35.654599011315327],[139.456195056146299,35.654424864298306],[139.457102836781132,35.654179506601949],[139.458135417538216,35.653924393501121],[139.459179637097492,35.653642441972181],[139.460103888164127,35.653404013633342],[139.46088041227236,35.653206176493299],[139.462098575601743,35.652862871578215],[139.463905923638947,35.65225736243773],[139.467389287258044,35.651118049480587],[139.468529602327294,35.650687656036489],[139.469609629738443,35.650345481411435],[139.471229602257182,35.649836866471965],[139.472368984869263,35.64948512982577],[139.47245692692141,35.649440957857152],[139.472029206993938,35.649300247463167],[139.471500441465878,35.64922119937593],[139.471312523599636,35.649218699357597],[139.470945555243162,35.649303857359193],[139.47067963971017,35.649327352158771],[139.47035004443228,35.649241962479046],[139.46973351659932,35.649134756512154],[139.469216266385303,35.649037846392993],[139.468487882980497,35.648983146797747],[139.467758156214387,35.64898244890297],[139.46733661870914,35.649039861922567],[139.466834999130299,35.649204244930431],[139.464234558836552,35.649736768447497],[139.463801873941009,35.649767764892616],[139.462825708954881,35.649936941298776],[139.462811965960213,35.649848910937024],[139.462418134378225,35.64992998441992],[139.461691158539253,35.650091926233429],[139.460581757582844,35.650301801371569],[139.459480986778999,35.650565456132313],[139.457639078445169,35.650990375958585],[139.457522680236167,35.651029519804574],[139.456666284988017,35.651226552958704],[139.456196850181982,35.651337122666931],[139.455843501274586,35.651420377888591],[139.455547930142103,35.651499905532958],[139.454764614914239,35.651684374422125],[139.454581551312089,35.651727036013767],[139.454626995697197,35.651868581294636],[139.454325332375106,35.651949814305482],[139.454214001408502,35.651984215984434],[139.453993276300082,35.652026827514113],[139.453835229551856,35.652060166319089],[139.452723172660001,35.652320485243415],[139.452018051130779,35.652496240189969],[139.451596377077919,35.65261165974136],[139.450701932649082,35.652829305759923],[139.449901164211724,35.652995802721563],[139.449401184476017,35.653102376851749],[139.448720952918507,35.653267313382059],[139.448017665059865,35.653416857225935],[139.447245925643813,35.653599589459908],[139.44662289331788,35.653727550736043],[139.446629331075002,35.653743664394682],[139.445660745356889,35.653960716888903],[139.44525152504886,35.654092985733826],[139.444707524162965,35.654308300068841],[139.444528612793277,35.65439057178358],[139.444019526492752,35.654637966988034],[139.443851557275821,35.654713545228638],[139.443572392479808,35.654839186557751],[139.443389527072924,35.654961863813654],[139.44325572389377,35.655011217714375],[139.442990280336829,35.655038137497861],[139.442919847444841,35.655088577050968],[139.442508706644759,35.655285967339289],[139.441993520112334,35.655551185205113],[139.441912657290146,35.655581236383803],[139.44165715547004,35.65573635055604],[139.441357003378272,35.655908675606611],[139.44102543181603,35.656118642260623],[139.440829789240667,35.656253553221838],[139.440729866245022,35.656322457975975],[139.440716512054024,35.656379876485836],[139.440633030168868,35.656460094631882],[139.440519683551258,35.65654225531835],[139.43982725263561,35.656967441259155],[139.439361967029527,35.657258336223791],[139.440436316480913,35.657796394658646],[139.441494616259348,35.658328899931426],[139.442202783321733,35.658163322806651],[139.443998624250867,35.657699195743803]]]]}},
{"type":"Feature","properties":{"KEY_CODE":"13224001201","PREF":"13","CITY":"224","S_AREA":"001201","PREF_NAME":"東京都","CITY_NAME":"多摩市","S_NAME":"関戸一丁目","KIGO_E":null,"HCODE":8101,"AREA":117127.781,"PERIMETER":1527.481,"R2KAxx":5109,"R2KAxx_ID":5108,"KIHON1":"0012","DUMMY1":"-","KIHON2":"01","KEYCODE1":"224001201","KEYCODE2":"224001201","AREA_MAX_F":"M","KIGO_D":null,"N_KEN":null,"N_CITY":null,"KIGO_I":null,"KBSUM":14,"JINKO":961,"SETAI":472,"X_CODE":139.447279,"Y_CODE":35.65203,"KCODE1":"0012-01","visited":0},"geometry":{"type":"MultiPolygon","coordinates":[[[[139.447955289299955,35.650976028362152],[139.448001028475687,35.650739986909919],[139.448056462842658,35.650569502741206],[139.448206885317177,35.650335838966349],[139.448343753278465,35.650193854599323],[139.448534085781262,35.649913733775733],[139.447977060728647,35.650001318923401],[139.447651918926454,35.650057881111181],[139.446528673102932,35.650233393169316],[139.446495809092625,35.650411203388877],[139.4464559711476,35.650701307902501],[139.446434109685953,35.650860421279965],[139.446406605768431,35.650865157296728],[139.446241662987717,35.650843641796442],[139.445892122837506,35.650824175414257],[139.445761965418569,35.650852771520732],[139.445490476736808,35.650875029077682],[139.445416686360858,35.650959788921462],[139.445335737142187,35.651178567205548],[139.445334153733768,35.651416649282453],[139.445300938421241,35.651558507725092],[139.445152664668626,35.651862805167156],[139.445173024526071,35.651978640616335],[139.445188577213798,35.652232376793641],[139.445206423959604,35.652555658859178],[139.444870077077127,35.652740833853478],[139.445087225164229,35.652779419335701],[139.445261470246152,35.652947296710096],[139.445285580905704,35.653101414625866],[139.445291097792108,35.653136678896459],[139.445327324922943,35.653254711523871],[139.445675967242323,35.653337064193352],[139.446004985305279,35.653427907090865],[139.446552345762967,35.653551418133631],[139.446622893317851,35.653727550736036],[139.447245925643841,35.653599589459908],[139.448017665059808,35.653416857225949],[139.448720952918507,35.653267313382059],[139.449401184476017,35.653102376851749],[139.449901164211724,35.652995802721563],[139.449705071176965,35.652486750300916],[139.449542192916653,35.652114736933079],[139.44943440161228,35.65191447215215],[139.449330618012169,35.651759361577476],[139.449159836748407,35.651569530305444],[139.448778480297875,35.651293397356831],[139.448561631412673,35.651166406711091],[139.448269990631445,35.651055516848501],[139.447955289299955,35.650976028362152]]]]}},
{"type":"Feature","properties":{"KEY_CODE":"13224001202","PREF":"13","CITY":"224","S_AREA":"001202","PREF_NAME":"東京都","CITY_NAME":"多摩市","S_NAME":"関戸二丁目","KIGO_E":null,"HCODE":8101,"AREA":173470.834,"PERIMETER":1723.673,"R2KAxx":5110,"R2KAxx_ID":5109,"KIHON1":"0012","DUMMY1":"-","KIHON2":"02","KEYCODE1":"224001202","KEYCODE2":"224001202","AREA_MAX_F":"M","KIGO_D":null,"N_KEN":null,"N_CITY":null,"KIGO_I":null,"KBSUM":32,"JINKO":2620,"SETAI":1443,"X_CODE":139.451515,"Y_CODE":35.65088,"KCODE1":"0012-02","visited":0},"geometry":{"type":"MultiPolygon","coordinates":[[[[139.453699591606124,35.649099244016767],[139.453532367370457,35.648660775825405],[139.453308953802804,35.648745069590738],[139.45312226852721,35.648815496234569],[139.452581316582325,35.648990681114071],[139.452148789370369,35.649115823328138],[139.45181221414407,35.649219682187393],[139.451312533296772,35.649342564397713],[139.451194991741204,35.649377226901308],[139.451169503573283,35.649384749141966],[139.450906437371401,35.649461166062515],[139.450838593510809,35.64947537675225],[139.450585214629399,35.649528452207846],[139.450145279092084,35.649641343841175],[139.449971395486557,35.649676492795862],[139.449611282763044,35.649749253348688],[139.449044241593697,35.649830189916827],[139.448534085781262,35.649913733775733],[139.448343753278465,35.650193854599323],[139.448206885317177,35.650335838966349],[139.448056462842658,35.650569502741206],[139.448001028475687,35.650739986909919],[139.447955289299955,35.650976028362152],[139.448269990631445,35.651055516848501],[139.448561631412673,35.651166406711091],[139.448778480297875,35.651293397356831],[139.449159836748407,35.651569530305444],[139.449330618012169,35.651759361577476],[139.44943440161228,35.65191447215215],[139.449542192916653,35.652114736933079],[139.449705071176965,35.652486750300916],[139.449901164211724,35.652995802721563],[139.450701932649054,35.652829305759916],[139.451596377077919,35.65261165974136],[139.45201805113075,35.652496240189969],[139.452723172660001,35.652320485243415],[139.453835229551856,35.652060166319089],[139.453993276300054,35.652026827514121],[139.454214001408502,35.651984215984434],[139.454325332375106,35.651949814305482],[139.454626995697197,35.651868581294636],[139.454581551312089,35.651727036013767],[139.454392286590348,35.651137244503886],[139.454219023503015,35.650611863974326],[139.454203693092381,35.650570163825712],[139.454120387914315,35.650325051579721],[139.45403189400605,35.650064538506463],[139.454012259752091,35.650001840375758],[139.453863608729165,35.649536991559515],[139.453825407863349,35.649433213994911],[139.453782178129273,35.649315793882487],[139.453699591606124,35.649099244016767]]]]}},
{"type":"Feature","properties":{"KEY_CODE":"13224001203","PREF":"13","CITY":"224","S_AREA":"001203","PREF_NAME":"東京都","CITY_NAME":"多摩市","S_NAME":"関戸三丁目","KIGO_E":null,"HCODE":8101,"AREA":216588.916,"PERIMETER":2504.774,"R2KAxx":5111,"R2KAxx_ID":5110,"KIHON1":"0012","DUMMY1":"-","KIHON2":"03","KEYCODE1":"224001203","KEYCODE2":"224001203","AREA_MAX_F":"M","KIGO_D":null,"N_KEN":null,"N_CITY":null,"KIGO_I":null,"KBSUM":17,"JINKO":1343,"SETAI":637,"X_CODE":139.457055,"Y_CODE":35.649528,"KCODE1":"0012-03","visited":0},"geometry":{"type":"MultiPolygon","coordinates":[[[[139.462418134378225,35.64992998441992],[139.462811965960185,35.649848910937024],[139.462825708954824,35.649936941298776],[139.463801873941009,35.649767764892601],[139.464234558836523,35.649736768447497],[139.463662593711121,35.649578262960695],[139.462860402171401,35.649486437369184],[139.462808139956394,35.649510464489452],[139.461443453136354,35.649349932055721],[139.461386220402119,35.649040473463494],[139.461109928568078,35.649011980906977],[139.460515373625043,35.648918034252858],[139.460339064989768,35.648910411567002],[139.459636919264199,35.648790354569556],[139.458733641196432,35.648649774876503],[139.458243652157961,35.648556951678252],[139.457268248759107,35.648335082243968],[139.456691276280822,35.648192511526517],[139.456064283785224,35.647982178831008],[139.45576777420618,35.647888225933706],[139.455491497490755,35.647794160808651],[139.455016393818568,35.647620598913413],[139.454762260126557,35.647523643454917],[139.454649690005425,35.647475299943864],[139.454405475865713,35.64740643644916],[139.454037259138261,35.647289612128354],[139.453875047078611,35.647248223349898],[139.453676643093416,35.64724347862888],[139.453309905616351,35.647278376852526],[139.453020669260269,35.647334997692951],[139.45302965737821,35.647377557161832],[139.453529190134816,35.648612106599792],[139.453532367370457,35.648660775825405],[139.453699591606124,35.649099244016767],[139.453782178129273,35.649315793882487],[139.453825407863349,35.649433213994911],[139.453863608729165,35.649536991559515],[139.454012259752091,35.650001840375758],[139.45403189400605,35.650064538506463],[139.454120387914315,35.650325051579721],[139.454203693092381,35.650570163825712],[139.454219023503015,35.650611863974326],[139.454392286590348,35.651137244503886],[139.454581551312089,35.651727036013767],[139.454764614914239,35.651684374422125],[139.455547930142103,35.651499905532958],[139.455843501274586,35.651420377888591],[139.456196850182067,35.651337122666931],[139.456666284987989,35.651226552958704],[139.457522680236195,35.651029519804588],[139.457639078445112,35.650990375958585],[139.459480986778999,35.650565456132313],[139.460581757582844,35.650301801371569],[139.46169115853931,35.650091926233429],[139.462418134378225,35.64992998441992]]]]}},
{"type":"Feature","properties":{"KEY_CODE":"13224001204","PREF":"13","CITY":"224","S_AREA":"001204","PREF_NAME":"東京都","CITY_NAME":"多摩市","S_NAME":"関戸四丁目","KIGO_E":null,"HCODE":8101,"AREA":123164.468,"PERIMETER":1737.576,"R2KAxx":5112,"R2KAxx_ID":5111,"KIHON1":"0012","DUMMY1":"-","KIHON2":"04","KEYCODE1":"224001204","KEYCODE2":"224001204","AREA_MAX_F":"M","KIGO_D":null,"N_KEN":null,"N_CITY":null,"KIGO_I":null,"KBSUM":20,"JINKO":2092,"SETAI":1146,"X_CODE":139.449377,"Y_CODE":35.648765,"KCODE1":"0012-04","visited":0},"geometry":{"type":"MultiPolygon","coordinates":[[[[139.453529190134816,35.648612106599792],[139.45302965737821,35.647377557161832],[139.45246388962272,35.647584811096145],[139.45193701256116,35.647777853026717],[139.451823266782128,35.647840165520464],[139.451226234502059,35.648090023540732],[139.451014453619962,35.648149136533156],[139.450754642200764,35.648202956561889],[139.450605474154116,35.648230862470015],[139.450299143260082,35.648234360265413],[139.450192738111355,35.648213495726992],[139.449875379480517,35.648151270843336],[139.449623222975873,35.648101829591297],[139.449597844554404,35.648122946425516],[139.449447758658494,35.648098981963308],[139.449049327944351,35.647995605293197],[139.448417044906193,35.647850036984273],[139.447964930381289,35.647751835689476],[139.447827791752132,35.647708724139846],[139.447309147534042,35.647595765984569],[139.446897238212216,35.647506350991293],[139.446603395909477,35.647452172781044],[139.446492723346921,35.647832927086149],[139.446441562802221,35.647931173863761],[139.446374623897213,35.648305027118603],[139.446357760293353,35.648500951491535],[139.446347617858436,35.648769743622431],[139.446367828763186,35.648809562691739],[139.446376060137879,35.649231330295962],[139.446374969640857,35.649331815633481],[139.446415165688876,35.649592566025845],[139.446450150998999,35.649861011711003],[139.446478027051256,35.649939124171041],[139.446525808782411,35.650218948559562],[139.446528673102932,35.65023339316933],[139.447651918926454,35.650057881111181],[139.447977060728647,35.650001318923401],[139.448534085781262,35.649913733775733],[139.449044241593697,35.649830189916827],[139.449611282763044,35.649749253348688],[139.449971395486557,35.649676492795862],[139.450145279092084,35.649641343841175],[139.450585214629399,35.649528452207846],[139.450838593510838,35.64947537675225],[139.450906437371401,35.649461166062515],[139.451169503573283,35.649384749141966],[139.451194991741204,35.649377226901308],[139.451312533296772,35.649342564397713],[139.45181221414407,35.649219682187393],[139.452148789370369,35.649115823328138],[139.452581316582325,35.648990681114071],[139.45312226852721,35.648815496234569],[139.453308953802804,35.648745069590738],[139.453532367370457,35.648660775825405],[139.453529190134816,35.648612106599792]]]]}},
{"type":"Feature","properties":{"KEY_CODE":"13224001205","PREF":"13","CITY":"224","S_AREA":"001205","PREF_NAME":"東京都","CITY_NAME":"多摩市","S_NAME":"関戸五丁目","KIGO_E":null,"HCODE":8101,"AREA":213961.106,"PERIMETER":2728.943,"R2KAxx":5113,"R2KAxx_ID":5112,"KIHON1":"0012","DUMMY1":"-","KIHON2":"05","KEYCODE1":"224001205","KEYCODE2":"224001205","AREA_MAX_F":"M","KIGO_D":null,"N_KEN":null,"N_CITY":null,"KIGO_I":null,"KBSUM":17,"JINKO":1414,"SETAI":684,"X_CODE":139.451102,"Y_CODE":35.6443,"KCODE1":"0012-05","visited":0},"geometry":{"type":"MultiPolygon","coordinates":[[[[139.453309905616351,35.647278376852526],[139.453676643093416,35.64724347862888],[139.453875047078611,35.647248223349898],[139.454037259138261,35.647289612128354],[139.454405475865713,35.64740643644916],[139.454649690005425,35.647475299943864],[139.454762260126557,35.647523643454917],[139.454540196857153,35.647386436926467],[139.454376495936259,35.647258815679052],[139.454170040167156,35.647059409040615],[139.453959869077693,35.646825093681585],[139.45389799376369,35.646756099076427],[139.453606088362818,35.646347451093419],[139.453435554075327,35.64606935595625],[139.453200918771785,35.645691731164042],[139.453000222260414,35.645352872719528],[139.452845826518399,35.645028948799116],[139.452754513145976,35.644837402266397],[139.452671886873276,35.644642186599718],[139.452729396897155,35.644585152522097],[139.452227964530096,35.643102623183964],[139.451781211613877,35.641789656928836],[139.451667029538555,35.641446637254951],[139.451468970826994,35.640792486568309],[139.451429292482288,35.640736729214012],[139.451238425254559,35.640783340009385],[139.45100515040491,35.640813231081687],[139.450960360719591,35.640771858551865],[139.450782833575289,35.64077949891881],[139.450505297106531,35.640829176929714],[139.450119520347897,35.640964422023949],[139.450034016300123,35.640994395311836],[139.44969408970428,35.64100345461862],[139.449233750232537,35.640972551799273],[139.449005508121417,35.641014358949938],[139.4488210993579,35.641026763110901],[139.448716026647503,35.641045334811778],[139.448993522273469,35.641311066134207],[139.448823024676841,35.641444389302897],[139.448815272895359,35.641613050926424],[139.448527374573075,35.641844199350501],[139.448194918584022,35.642308853563783],[139.448395964155367,35.642371568954005],[139.448513789513129,35.642455919728562],[139.448647360230211,35.642603450086696],[139.44856096799279,35.642863548790004],[139.448475115457939,35.643083193487499],[139.448939565465992,35.643158122428424],[139.449092464726959,35.643169137552455],[139.449242085878609,35.643378582484594],[139.449375860557439,35.643573680608711],[139.44939086772942,35.643664780037021],[139.449419232082846,35.643740570687079],[139.449446678141953,35.643774001993272],[139.449464290179407,35.643789409949846],[139.449481879457636,35.643800274162508],[139.449531496083267,35.643815748262455],[139.449553524424118,35.643827543144454],[139.449600837973435,35.643864629031448],[139.449682154661559,35.643944214198129],[139.449714021451825,35.643982166320143],[139.449738107573637,35.644023719145316],[139.449778481602323,35.644122997410015],[139.449763718363727,35.644206784113138],[139.449731157142963,35.644322942070133],[139.449891076110958,35.644364012157432],[139.449979306591246,35.644386826829617],[139.450010186148489,35.644396854124544],[139.450038814849108,35.644408671092009],[139.450063065033476,35.644424944065719],[139.450080611326598,35.644444858581352],[139.450095399371747,35.644473459947477],[139.450114528444146,35.644514363219315],[139.450121295285356,35.644542587512099],[139.450125880597938,35.644603127676156],[139.450114945137841,35.644653160147911],[139.45004470336724,35.64480166127121],[139.450042464706883,35.644809788626439],[139.450127039649288,35.644875616643084],[139.450200170257716,35.644953134452969],[139.449980270154441,35.645043134961796],[139.449802931319994,35.645081759265764],[139.449505750486111,35.645122854306258],[139.449507053518062,35.645317045010842],[139.449553038935477,35.645316587360675],[139.44958034714108,35.645378868968351],[139.449607858196231,35.64539878622152],[139.449756046544394,35.645353288274258],[139.449822037820695,35.64540848152248],[139.449888512972024,35.645534714627651],[139.449994651636302,35.645490449747605],[139.450097518168775,35.645618976782259],[139.449623801983307,35.645746547237472],[139.44975537320957,35.64625849271124],[139.449949041852136,35.646251362679706],[139.450009421489824,35.64649714246179],[139.450174343209795,35.64657523531249],[139.450353661092009,35.646610733650093],[139.450501967666526,35.646690883588938],[139.450522608403247,35.646803585037695],[139.450494996487038,35.647012502081047],[139.451051411922151,35.646975187640322],[139.451253202571309,35.646983889832107],[139.451268735753018,35.647155093436524],[139.45129426864284,35.647436429462083],[139.451447075317702,35.647595393387455],[139.451470946886019,35.647637051161013],[139.451391260419086,35.647676304342113],[139.451246482684468,35.64770591482403],[139.451039879754461,35.647792332330596],[139.450705147632505,35.647854788379227],[139.450754642200764,35.648202956561889],[139.45101445361999,35.648149136533156],[139.45122623450203,35.648090023540732],[139.451823266782043,35.647840165520464],[139.45193701256116,35.647777853026717],[139.452463889622692,35.647584811096145],[139.45302965737821,35.647377557161832],[139.453020669260269,35.647334997692951],[139.453309905616351,35.647278376852526]]]]}},
{"type":"Feature","properties":{"KEY_CODE":"13224001206","PREF":"13","CITY":"224","S_AREA":"001206","PREF_NAME":"東京都","CITY_NAME":"多摩市","S_NAME":"関戸六丁目","KIGO_E":null,"HCODE":8101,"AREA":194353.855,"PERIMETER":2475.687,"R2KAxx":5114,"R2KAxx_ID":5113,"KIHON1":"0012","DUMMY1":"-","KIHON2":"06","KEYCODE1":"224001206","KEYCODE2":"224001206","AREA_MAX_F":"M","KIGO_D":null,"N_KEN":null,"N_CITY":null,"KIGO_I":null,"KBSUM":13,"JINKO":887,"SETAI":396,"X_CODE":139.448444,"Y_CODE":35.638765,"KCODE1":"0012-06","visited":0},"geometry":{"type":"MultiPolygon","coordinates":[[[[139.447999508334789,35.640911178609635],[139.448156604591361,35.640840428311655],[139.448163209082537,35.640853120424332],[139.448349559083709,35.640732315162111],[139.448504689875847,35.640637285599169],[139.448759459352289,35.640658063044519],[139.448778389415111,35.640722205228016],[139.448696370667676,35.640772329380326],[139.4488210993579,35.641026763110901],[139.449005508121417,35.641014358949938],[139.449233750232537,35.640972551799273],[139.44969408970428,35.64100345461862],[139.450034016300123,35.640994395311836],[139.450119520347897,35.640964422023949],[139.450505297106531,35.640829176929714],[139.450782833575289,35.64077949891881],[139.450960360719591,35.640771858551865],[139.45100515040491,35.640813231081687],[139.451238425254559,35.640783340009385],[139.451429292482288,35.640736729214012],[139.451419870931915,35.640722510465118],[139.451273264377534,35.640269110802421],[139.45072294298194,35.639109147441218],[139.450691447056244,35.639047817495268],[139.450464010443454,35.638605215861162],[139.450139762685069,35.637960025903972],[139.449916579771582,35.637539970487474],[139.449609852030363,35.636921843017859],[139.449415138364373,35.636529378330813],[139.449316589598851,35.636276364511993],[139.448867015168446,35.6356608446903],[139.448843480753595,35.635675803483601],[139.448434765133015,35.635985400721395],[139.448342258385537,35.636091542154468],[139.447864671493846,35.636442248808208],[139.447479162001144,35.636050369657085],[139.447341491165503,35.636175132872921],[139.447190973209501,35.636326756378196],[139.447048858092529,35.636505725780054],[139.446846908506842,35.63657063884591],[139.446232485978499,35.636326393606794],[139.446148841262612,35.636553013868998],[139.445855407667693,35.637326117412471],[139.445968831749951,35.637363874583698],[139.446201209874488,35.637536302854073],[139.446942699027858,35.637988621873248],[139.44676165292779,35.63825383568787],[139.446716935899502,35.638376926720696],[139.446456352776323,35.638257012572424],[139.446347883771381,35.638246983822029],[139.44617289600086,35.638310114842199],[139.446109885518979,35.638515290678654],[139.446211395130888,35.63851959613185],[139.446352797337255,35.638561278863456],[139.446549163915307,35.63879636723631],[139.446070792027484,35.639055313308525],[139.44602947716794,35.639233270805853],[139.445901484706098,35.639487566405656],[139.446062867862906,35.639759864156588],[139.446080823352617,35.639873191204792],[139.446073644095151,35.640101325550049],[139.446242657922568,35.64007936895608],[139.446293844012132,35.639759126928411],[139.44639740642981,35.639552744759705],[139.44698690866602,35.639621355073345],[139.446971179382587,35.639887559798431],[139.447019882329784,35.640092493091935],[139.447182608262295,35.640256563060809],[139.447149922394317,35.640389268467111],[139.446896734461518,35.640371450286509],[139.446817866331571,35.640439222104753],[139.44676985017179,35.640717466727537],[139.446796845324485,35.640721647416193],[139.447087692145061,35.640754103794663],[139.4470660180734,35.640777500349749],[139.446942422556845,35.640934244063189],[139.446819824038471,35.641089723850584],[139.447766120994459,35.641654523275271],[139.448160853880069,35.641335341770095],[139.448256790907266,35.641257735805119],[139.447999508334789,35.640911178609635]]]]}},
{"type":"Feature","properties":{"KEY_CODE":"132240021","PREF":"13","CITY":"224","S_AREA":"002100","PREF_NAME":"東京都","CITY_NAME":"多摩市","S_NAME":"連光寺","KIGO_E":null,"HCODE":8101,"AREA":1133826.771,"PERIMETER":6592.991,"R2KAxx":5115,"R2KAxx_ID":5114,"KIHON1":"0021","DUMMY1":"-","KIHON2":"00","KEYCODE1":"224002100","KEYCODE2":"2240021","AREA_MAX_F":"M","KIGO_D":null,"N_KEN":null,"N_CITY":null,"KIGO_I":null,"KBSUM":2,"JINKO":0,"SETAI":0,"X_CODE":139.466981,"Y_CODE":35.642891,"KCODE1":"0021-00","visited":0},"geometry":{"type":"MultiPolygon","coordinates":[[[[139.464234558836552,35.649736768447497],[139.466834999130327,35.649204244930417],[139.46733661870914,35.649039861922567],[139.467758156214387,35.648982448902956],[139.468487882980497,35.648983146797747],[139.469216266385303,35.649037846392993],[139.46973351659932,35.649134756512154],[139.47035004443228,35.649241962479046],[139.47067963971017,35.649327352158771],[139.470945555243162,35.649303857359186],[139.471312523599636,35.649218699357597],[139.471500441465878,35.64922119937593],[139.472029206993938,35.649300247463167],[139.472456926921438,35.649440957857152],[139.472760235928547,35.64924691267386],[139.473069728912549,35.649251006643645],[139.473367048422546,35.649299956303068],[139.473673448661913,35.649363790179365],[139.473828162500183,35.649372947760185],[139.474044988847396,35.649354616009816],[139.4740457091076,35.649304621849652],[139.474033101381451,35.649191772104139],[139.47389643186682,35.649030916210272],[139.473836393328554,35.64885595855926],[139.473821411682451,35.648637297346667],[139.473744369834179,35.648301134772709],[139.473639991837047,35.64811548081893],[139.473595096721311,35.647974190532942],[139.473676491367485,35.647873628797541],[139.473840083233625,35.647745109403324],[139.473948122851056,35.647705258140462],[139.473995893934813,35.64756185327785],[139.474026861090465,35.647202174844104],[139.47389667355344,35.647101439255962],[139.473260502461102,35.646894972841615],[139.472781078162541,35.646609542897558],[139.472322868361658,35.64636040080606],[139.471414598164387,35.645979280657933],[139.471354802955091,35.645942977682154],[139.470929959136384,35.645619252219753],[139.470749203540464,35.645508994277208],[139.470528441285722,35.645407912978492],[139.470127758704564,35.645260021707998],[139.46924740090293,35.644645180323707],[139.468882041919443,35.644717872149542],[139.468850116414785,35.644279144837625],[139.468896385763486,35.644050075443793],[139.469031179893278,35.643553054202194],[139.46924633846848,35.642898788221331],[139.469266822920218,35.642070845513373],[139.469303287938914,35.641441284378118],[139.469324657500607,35.641072397514101],[139.469250251682467,35.640504290456008],[139.469119037159402,35.639998433681924],[139.469519196781988,35.639463630786736],[139.469595413048665,35.6390368147988],[139.469923619421792,35.638307721920796],[139.470421216279846,35.637760397224604],[139.470429220858733,35.637227466694348],[139.470475102277419,35.636954315369152],[139.470414636816116,35.636749147882291],[139.470426467910784,35.63660341979935],[139.470521912881821,35.636476151828326],[139.470712326195013,35.636321880926758],[139.470818857173384,35.636208307274593],[139.470865644659625,35.635934883501143],[139.470946810230942,35.635560971969163],[139.470801755235414,35.635353863396304],[139.470691675094088,35.635175518147612],[139.470908407686807,35.634652455831713],[139.471055450759053,35.63424103823197],[139.471420751836661,35.633463030672559],[139.471341950228663,35.633416421287315],[139.471302055474297,35.633392747310538],[139.471163730757127,35.633456439815006],[139.470973656886628,35.633470687870506],[139.470818674676877,35.633445676352153],[139.470669258972464,35.633330586419866],[139.470594070115908,35.633105590209809],[139.470583716705818,35.633068414317535],[139.470485337203769,35.632940485172192],[139.470159143019572,35.632742610674335],[139.47001141616397,35.632678010192386],[139.469734815673746,35.632614321648866],[139.469589421231348,35.63263419404425],[139.469525184441778,35.632718497626271],[139.46948304284129,35.632781286563038],[139.469394385203316,35.632905088493189],[139.469310269890826,35.632998309515557],[139.469185133476856,35.633101299970846],[139.469168769133262,35.633114769971435],[139.468879531381361,35.633277992474255],[139.468636741608748,35.633531525440986],[139.468368822924702,35.633781457464615],[139.468215563169338,35.633860666541857],[139.468019224808501,35.633929180737269],[139.467879548289233,35.633944140126687],[139.467696865096798,35.633987696114495],[139.467487197692179,35.634046907395472],[139.467351675522536,35.634058042908116],[139.467253208522294,35.634086295269356],[139.467164714563239,35.634066131912135],[139.466964381807486,35.634055270508441],[139.466724074176284,35.633977109472305],[139.466680592696036,35.633997642858198],[139.466582762754541,35.633914991076011],[139.466524955715812,35.633889603228006],[139.466002618832306,35.634094428151286],[139.465009465985503,35.634497045046324],[139.465030606854356,35.634589674266138],[139.465014302832117,35.634702467208491],[139.464978065201535,35.634788159063575],[139.464887396387752,35.634865057120976],[139.464831530642613,35.635008184820151],[139.464374445174002,35.635324391916129],[139.464098935478432,35.635574544635361],[139.464008227366946,35.635706684890479],[139.463869353333763,35.636116191500236],[139.463914575903971,35.636317515552278],[139.464424781558336,35.636755713635388],[139.464496472439947,35.636866490750947],[139.464902214459556,35.636799645299917],[139.464996989873384,35.637058440720075],[139.465054565424424,35.637162659746529],[139.465074487457827,35.637248241994811],[139.465230762234881,35.637630881074408],[139.465192987189425,35.637722909221345],[139.465982034373212,35.638522564726344],[139.466071546271309,35.638623325713503],[139.46622466058372,35.638624779741718],[139.466365685650572,35.638609650046718],[139.466938464877984,35.639139956842584],[139.467018315855114,35.639278322331499],[139.467024578250857,35.639323797206352],[139.466801807097767,35.639425680419464],[139.466810682180409,35.639550206149167],[139.467075903124396,35.639804908131794],[139.467081052487174,35.640093601892445],[139.466965202223719,35.640365870682501],[139.466846828548313,35.640483036103248],[139.466879533548962,35.640697029289115],[139.466885649164396,35.640821371585751],[139.466504027272748,35.641259294495619],[139.466482374896941,35.641259758158533],[139.466252581874926,35.64126461864587],[139.465128553360614,35.640779942284546],[139.465121638795182,35.640698552021341],[139.464530936277839,35.640575373345492],[139.464087544840027,35.640572463757749],[139.463578816345205,35.640697615299288],[139.463112563477665,35.641011440637556],[139.462227647810977,35.642667906118035],[139.461852212089781,35.643356603726808],[139.461406568983364,35.643881569740081],[139.461219152374269,35.644039430912294],[139.461107994961651,35.644122322977665],[139.461123271504931,35.644140008943559],[139.461196155060406,35.644096010927392],[139.461343864538321,35.644260120511063],[139.461411009437512,35.644319197234687],[139.461508317618893,35.644357101249597],[139.461801299896393,35.644419973926453],[139.461790142424974,35.644500603763021],[139.461810911344429,35.644533871220439],[139.461742224743858,35.645076585391593],[139.461688041071852,35.645087017387134],[139.461644180797094,35.64549517353376],[139.461495329231354,35.645548970963475],[139.4614941744411,35.645658187548214],[139.461690743920968,35.645807166877631],[139.46172125231061,35.645860815885385],[139.461934556023408,35.64604688632712],[139.461903668306746,35.646131400258064],[139.461923560108744,35.646177057448533],[139.461868937337044,35.646188719434726],[139.461754197283824,35.64631881649769],[139.461620882370369,35.646371220667682],[139.46150087126091,35.646279446197973],[139.461444982022329,35.64619269329016],[139.461185880112339,35.646319246181179],[139.461149616310792,35.646372264867701],[139.461346124914058,35.646543604246276],[139.461609079668534,35.646804577900056],[139.461876948487173,35.647104193152678],[139.461929491915612,35.647233821847045],[139.461550642223699,35.64725789697583],[139.461482131509712,35.647260397779313],[139.461402617829179,35.647262862376635],[139.461296549955136,35.64727137304402],[139.461218991490114,35.647391937058423],[139.461304715827453,35.647501141893272],[139.46117938951042,35.647717857696314],[139.46111068119086,35.647716234872448],[139.460878355744654,35.648197607710024],[139.460957341415877,35.64829002996931],[139.461241963559559,35.648353688418958],[139.461386220402119,35.649040473463494],[139.461443453136383,35.649349932055735],[139.462808139956422,35.649510464489452],[139.462860402171401,35.649486437369184],[139.463662593711121,35.649578262960695],[139.464234558836552,35.649736768447497]]]]}},
{"type":"Feature","properties":{"KEY_CODE":"13224002201","PREF":"13","CITY":"224","S_AREA":"002201","PREF_NAME":"東京都","CITY_NAME":"多摩市","S_NAME":"連光寺一丁目","KIGO_E":null,"HCODE":8101,"AREA":304375.319,"PERIMETER":2715.826,"R2KAxx":5116,"R2KAxx_ID":5115,"KIHON1":"0022","DUMMY1":"-","KIHON2":"01","KEYCODE1":"224002201","KEYCODE2":"224002201","AREA_MAX_F":"M","KIGO_D":null,"N_KEN":null,"N_CITY":null,"KIGO_I":null,"KBSUM":30,"JINKO":3928,"SETAI":1424,"X_CODE":139.457588,"Y_CODE":35.646308,"KCODE1":"0022-01","visited":0},"geometry":{"type":"MultiPolygon","coordinates":[[[[139.460878355744654,35.648197607710024],[139.46111068119086,35.647716234872448],[139.46117938951042,35.647717857696314],[139.461304715827424,35.647501141893272],[139.461218991490114,35.647391937058423],[139.461296549955136,35.64727137304402],[139.461402617829179,35.647262862376586],[139.461482131509712,35.647260397779313],[139.461550642223699,35.64725789697583],[139.461929491915555,35.647233821847045],[139.461876948487145,35.647104193152693],[139.461609079668534,35.646804577900056],[139.461346124914058,35.646543604246276],[139.461149616310792,35.646372264867743],[139.461185880112311,35.646319246181179],[139.461444982022329,35.64619269329016],[139.46150087126091,35.646279446197973],[139.46162088237034,35.646371220667682],[139.461754197283796,35.64631881649769],[139.461868937337044,35.646188719434726],[139.461923560108744,35.646177057448533],[139.461903668306718,35.646131400258064],[139.461934556023408,35.64604688632712],[139.46172125231061,35.645860815885385],[139.461690743920968,35.645807166877631],[139.461494174441071,35.645658187548214],[139.461495329231354,35.645548970963475],[139.461644180797094,35.64549517353376],[139.461688041071852,35.645087017387134],[139.461742224743858,35.645076585391593],[139.461810911344401,35.644533871220439],[139.461790142424917,35.644500603763021],[139.461801299896393,35.644419973926453],[139.461508317618865,35.644357101249611],[139.461411009437512,35.644319197234687],[139.461343864538321,35.644260120511049],[139.461196155060378,35.644096010927392],[139.461123271504931,35.644140008943573],[139.460892827769101,35.644282738693917],[139.460722719477445,35.644409529019022],[139.460474623118529,35.644526535987026],[139.460103972760578,35.644701362624978],[139.459091413117676,35.645073554802437],[139.458782575646353,35.6452005806225],[139.458439499619772,35.645335212755199],[139.45837089951155,35.645338378768137],[139.45823269959925,35.645392735165608],[139.458031952042063,35.645373694012363],[139.457797574794341,35.645351484424133],[139.457715188464874,35.645304821734932],[139.457435161819319,35.64521145338729],[139.45722564604668,35.645085275744783],[139.456990607622942,35.644927717131942],[139.456913801014821,35.644851108289046],[139.456760496921532,35.644759613328887],[139.456510958033277,35.644577361983316],[139.456424356130157,35.644519349785149],[139.456222989735352,35.644384430242738],[139.45616984413266,35.644348842064502],[139.455995969707089,35.644211545765863],[139.4558031394306,35.644105243356407],[139.455498643809136,35.643914895387795],[139.455271589260576,35.643804576462628],[139.454882098761658,35.64367371035118],[139.454624446163024,35.643667794960322],[139.454521485833453,35.6436947589496],[139.453894314973667,35.643858867146569],[139.453455194648768,35.644144404737425],[139.452738031900338,35.644610741846911],[139.452729396897155,35.644585152522097],[139.452671886873276,35.644642186599718],[139.452754513145976,35.644837402266397],[139.452845826518399,35.645028948799116],[139.453000222260414,35.645352872719528],[139.453200918771785,35.645691731164042],[139.453435554075327,35.64606935595625],[139.453606088362818,35.646347451093419],[139.45389799376369,35.646756099076427],[139.453959869077693,35.646825093681585],[139.454170040167156,35.647059409040615],[139.454376495936259,35.647258815679052],[139.454540196857153,35.647386436926467],[139.454762260126557,35.647523643454917],[139.455016393818568,35.647620598913413],[139.455491497490755,35.647794160808651],[139.45576777420618,35.647888225933706],[139.456064283785224,35.647982178831008],[139.456691276280822,35.648192511526517],[139.457268248759107,35.648335082243968],[139.458243652157961,35.648556951678252],[139.458733641196432,35.648649774876503],[139.459636919264199,35.648790354569556],[139.460339064989768,35.648910411567002],[139.460515373625043,35.648918034252858],[139.461109928568078,35.649011980906977],[139.461386220402119,35.649040473463494],[139.461241963559559,35.648353688418958],[139.460957341415877,35.64829002996931],[139.460878355744654,35.648197607710024]]]]}},
{"type":"Feature","properties":{"KEY_CODE":"13224002202","PREF":"13","CITY":"224","S_AREA":"002202","PREF_NAME":"東京都","CITY_NAME":"多摩市","S_NAME":"連光寺二丁目","KIGO_E":null,"HCODE":8101,"AREA":202909.136,"PERIMETER":2222.509,"R2KAxx":5117,"R2KAxx_ID":5116,"KIHON1":"0022","DUMMY1":"-","KIHON2":"02","KEYCODE1":"224002202","KEYCODE2":"224002202","AREA_MAX_F":"M","KIGO_D":null,"N_KEN":null,"N_CITY":null,"KIGO_I":null,"KBSUM":28,"JINKO":2621,"SETAI":911,"X_CODE":139.454259,"Y_CODE":35.641418,"KCODE1":"0022-02","visited":0},"geometry":{"type":"MultiPolygon","coordinates":[[[[139.454521485833453,35.6436947589496],[139.454624446163024,35.643667794960322],[139.454882098761658,35.64367371035118],[139.455271589260576,35.643804576462628],[139.455498643809136,35.643914895387795],[139.455542588391694,35.643889505901107],[139.455996896160116,35.642463612488669],[139.456261026010196,35.641687651867258],[139.456428222754511,35.641381570341089],[139.456586164969366,35.640915997399098],[139.45673879811585,35.640495371703167],[139.456801102200473,35.640252515587164],[139.456832796561145,35.639987313017656],[139.456668397800939,35.638871257579225],[139.456670196485021,35.638815265949347],[139.456356890574284,35.638856389479415],[139.45634975808224,35.638941383559199],[139.456317541777707,35.639022933271555],[139.456260942485102,35.63892388740139],[139.456316027624069,35.638766815834728],[139.456276778971471,35.638683809383572],[139.456205752138374,35.638672319843231],[139.455988737606219,35.638410737904351],[139.455774713552245,35.638420735157972],[139.455774061178232,35.638449534415777],[139.455721889977525,35.638469519884751],[139.455227157589235,35.638659038885066],[139.455277632351709,35.638721411938306],[139.455562892882455,35.638879130907895],[139.45553181301554,35.638912376676416],[139.45561325353134,35.638965833156753],[139.455563324761386,35.639017047003307],[139.455644788257388,35.639074095440776],[139.455544934703312,35.639175644018621],[139.455422921026098,35.639055371829315],[139.455191408867194,35.639215974848092],[139.455113719675694,35.639163339138115],[139.455060407105691,35.639127222785739],[139.454905179029453,35.639263770483034],[139.454812470522995,35.639496001466526],[139.454597122754848,35.639466699375127],[139.454426256204641,35.63944341579657],[139.454404829266281,35.639532604797182],[139.454480258639308,35.639543685627473],[139.45458029874942,35.639558366443723],[139.454562215680482,35.639643058081546],[139.454371141115587,35.639615556683601],[139.454306226430845,35.639606197847712],[139.45430717441829,35.639515325846403],[139.454298103914823,35.639463081150588],[139.454265311134208,35.639438038055395],[139.454170506007756,35.639365643197472],[139.453916984686515,35.63917200171403],[139.45379278286967,35.639077143775332],[139.453744478470895,35.639040267456636],[139.453486423892116,35.638957944062646],[139.453451024569944,35.638963995096866],[139.452905408365069,35.63971944989639],[139.452849277618441,35.639714271647648],[139.452830906512304,35.63972213680357],[139.452750822748271,35.63975631847125],[139.452625238590798,35.639925383321916],[139.452491528423593,35.639952883114404],[139.452189862338884,35.640343350705798],[139.452178190214966,35.640358419153934],[139.452198957286441,35.640453656045068],[139.4521998030595,35.640457637390476],[139.451967754378273,35.640729106214913],[139.451818129273136,35.640846723534516],[139.451654503734744,35.640887649165883],[139.451468970826994,35.640792486568309],[139.451667029538555,35.641446637254951],[139.451781211613877,35.641789656928836],[139.452227964530096,35.643102623183964],[139.452729396897155,35.644585152522097],[139.452738031900338,35.644610741846911],[139.453455194648768,35.644144404737425],[139.453894314973667,35.643858867146569],[139.454521485833453,35.6436947589496]]]]}},
{"type":"Feature","properties":{"KEY_CODE":"13224002203","PREF":"13","CITY":"224","S_AREA":"002203","PREF_NAME":"東京都","CITY_NAME":"多摩市","S_NAME":"連光寺三丁目","KIGO_E":null,"HCODE":8101,"AREA":349910.84,"PERIMETER":2734.398,"R2KAxx":5118,"R2KAxx_ID":5117,"KIHON1":"0022","DUMMY1":"-","KIHON2":"03","KEYCODE1":"224002203","KEYCODE2":"224002203","AREA_MAX_F":"M","KIGO_D":null,"N_KEN":null,"N_CITY":null,"KIGO_I":null,"KBSUM":19,"JINKO":1723,"SETAI":761,"X_CODE":139.459765,"Y_CODE":35.641978,"KCODE1":"0022-03","visited":0},"geometry":{"type":"MultiPolygon","coordinates":[[[[139.463112563477608,35.641011440637556],[139.463578816345205,35.640697615299288],[139.464087544839998,35.640572463757749],[139.464530936277839,35.640575373345492],[139.465121638795182,35.640698552021327],[139.465119165023708,35.640664040731366],[139.464798574428215,35.639929722999092],[139.463976430542033,35.63908513664672],[139.463680654901054,35.63878128126327],[139.463622732217118,35.638781620993498],[139.463564539338904,35.63876588581175],[139.463522509786486,35.63872543083027],[139.463495462491323,35.638544112459556],[139.463482974227645,35.638538896563595],[139.463378400725105,35.638656066292846],[139.462728983638158,35.638912074194074],[139.462649013530807,35.638968516056011],[139.462455944619023,35.639110690346996],[139.462253777033169,35.639111334592542],[139.461902283320313,35.639159679319576],[139.461542997342093,35.639297925498937],[139.460877529070785,35.639646088335333],[139.460453777601657,35.639649739092398],[139.460238132485358,35.639720084639158],[139.460014528335819,35.639851108729495],[139.459955411555455,35.639689560022788],[139.459774677012149,35.639571081179533],[139.459546489847924,35.639389819539296],[139.459302598235098,35.639365925613177],[139.458856727311598,35.639378622950836],[139.458629703504783,35.639577095355953],[139.458581593102764,35.639691800227361],[139.45845707033979,35.639710355688628],[139.458284653153356,35.639705311808974],[139.458316572111841,35.639843183361883],[139.458337580802294,35.64011946694233],[139.458271593650551,35.640136937023932],[139.457995261573359,35.640244167448323],[139.457920878681222,35.640313403616069],[139.457953830274619,35.64033188787009],[139.457833674254289,35.640624347916877],[139.457325958171452,35.640680013116977],[139.457422955715799,35.640497650837553],[139.456884723758009,35.640346609600215],[139.456878753389816,35.640268005211603],[139.456801102200473,35.640252515587164],[139.45673879811585,35.640495371703167],[139.456586164969366,35.640915997399098],[139.456428222754511,35.641381570341089],[139.456261026010196,35.641687651867258],[139.455996896160116,35.642463612488669],[139.455542588391694,35.643889505901107],[139.455498643809136,35.643914895387795],[139.4558031394306,35.644105243356407],[139.455995969707089,35.644211545765863],[139.45616984413266,35.644348842064502],[139.456222989735352,35.644384430242738],[139.456424356130157,35.644519349785149],[139.456510958033277,35.644577361983316],[139.456760496921532,35.644759613328887],[139.456913801014821,35.644851108289046],[139.456990607622942,35.644927717131942],[139.45722564604668,35.645085275744783],[139.457435161819319,35.64521145338729],[139.457715188464874,35.645304821734932],[139.457797574794341,35.645351484424133],[139.458031952042063,35.645373694012363],[139.45823269959925,35.645392735165608],[139.45837089951155,35.645338378768137],[139.458439499619772,35.645335212755199],[139.458782575646353,35.6452005806225],[139.459091413117676,35.645073554802437],[139.460103972760578,35.644701362624978],[139.460474623118529,35.644526535987026],[139.460722719477445,35.644409529019022],[139.460892827769101,35.644282738693917],[139.461123271504931,35.644140008943573],[139.461107994961651,35.644122322977665],[139.461219152374269,35.644039430912294],[139.461406568983364,35.643881569740081],[139.461852212089781,35.643356603726808],[139.462227647810977,35.642667906118035],[139.463112563477608,35.641011440637556]]]]}},
{"type":"Feature","properties":{"KEY_CODE":"13224002204","PREF":"13","CITY":"224","S_AREA":"002204","PREF_NAME":"東京都","CITY_NAME":"多摩市","S_NAME":"連光寺四丁目","KIGO_E":null,"HCODE":8101,"AREA":71920.36,"PERIMETER":1305.725,"R2KAxx":5119,"R2KAxx_ID":5118,"KIHON1":"0022","DUMMY1":"-","KIHON2":"04","KEYCODE1":"224002204","KEYCODE2":"224002204","AREA_MAX_F":"M","KIGO_D":null,"N_KEN":null,"N_CITY":null,"KIGO_I":null,"KBSUM":8,"JINKO":494,"SETAI":222,"X_CODE":139.465546,"Y_CODE":35.639356,"KCODE1":"0022-04","visited":0},"geometry":{"type":"MultiPolygon","coordinates":[[[[139.466938464877956,35.639139956842584],[139.466365685650572,35.638609650046718],[139.46622466058372,35.638624779741718],[139.466071546271309,35.638623325713503],[139.465982034373212,35.638522564726344],[139.465192987189425,35.637722909221345],[139.465230762234881,35.637630881074408],[139.465074487457827,35.637248241994811],[139.465054565424424,35.637162659746529],[139.464996989873384,35.637058440720075],[139.464902214459556,35.636799645299917],[139.464496472439947,35.636866490750947],[139.464611428021641,35.637248299810757],[139.464629231987828,35.637475346681391],[139.464647810544847,35.637712607628195],[139.464565494939222,35.638062930818357],[139.464355572662299,35.638381945769169],[139.464222040628925,35.63848318395754],[139.463737933321141,35.638733896885149],[139.46366498459156,35.638765182581572],[139.463680654901054,35.63878128126327],[139.463976430542033,35.63908513664672],[139.464798574428215,35.639929722999092],[139.465119165023708,35.640664040731366],[139.465121638795182,35.640698552021327],[139.465128553360614,35.640779942284546],[139.466252581874926,35.64126461864587],[139.466482374896941,35.641259758158533],[139.466504027272691,35.641259294495619],[139.466885649164368,35.640821371585758],[139.466879533548962,35.640697029289115],[139.466846828548313,35.640483036103248],[139.466965202223719,35.640365870682501],[139.467081052487174,35.640093601892445],[139.467075903124396,35.639804908131794],[139.466810682180409,35.639550206149167],[139.466801807097767,35.639425680419464],[139.467024578250857,35.639323797206352],[139.467018315855114,35.639278322331499],[139.466938464877956,35.639139956842584]]]]}},
{"type":"Feature","properties":{"KEY_CODE":"13224002205","PREF":"13","CITY":"224","S_AREA":"002205","PREF_NAME":"東京都","CITY_NAME":"多摩市","S_NAME":"連光寺五丁目","KIGO_E":null,"HCODE":8101,"AREA":377850.139,"PERIMETER":3034.437,"R2KAxx":5120,"R2KAxx_ID":5119,"KIHON1":"0022","DUMMY1":"-","KIHON2":"05","KEYCODE1":"224002205","KEYCODE2":"224002205","AREA_MAX_F":"M","KIGO_D":null,"N_KEN":null,"N_CITY":null,"KIGO_I":null,"KBSUM":4,"JINKO":332,"SETAI":156,"X_CODE":139.460944,"Y_CODE":35.636634,"KCODE1":"0022-05","visited":0},"geometry":{"type":"MultiPolygon","coordinates":[[[[139.458316572111841,35.639843183361883],[139.458284653153356,35.639705311808974],[139.45845707033979,35.639710355688628],[139.458581593102764,35.639691800227361],[139.458629703504783,35.639577095355953],[139.458856727311598,35.639378622950836],[139.459302598235098,35.639365925613177],[139.459546489847924,35.639389819539296],[139.459774677012149,35.639571081179533],[139.459955411555455,35.639689560022788],[139.460014528335819,35.639851108729495],[139.460238132485358,35.639720084639158],[139.460453777601657,35.639649739092398],[139.460877529070785,35.639646088335333],[139.461542997342093,35.639297925498937],[139.461902283320313,35.639159679319576],[139.462253777033169,35.639111334592542],[139.462455944619023,35.639110690346996],[139.462649013530807,35.638968516056011],[139.462728983638158,35.638912074194074],[139.463378400725105,35.638656066292846],[139.463482974227645,35.638538896563595],[139.463495462491323,35.638544112459556],[139.463522509786486,35.63872543083027],[139.463564539338904,35.63876588581175],[139.463622732217118,35.638781620993498],[139.463680654901054,35.63878128126327],[139.46366498459156,35.638765182581572],[139.463737933321141,35.638733896885149],[139.464222040628925,35.63848318395754],[139.464355572662299,35.638381945769169],[139.464565494939222,35.638062930818357],[139.464647810544847,35.637712607628195],[139.464629231987828,35.637475346681391],[139.464611428021641,35.637248299810757],[139.464496472439947,35.636866490750947],[139.464424781558336,35.636755713635388],[139.463914575903971,35.636317515552278],[139.463869353333763,35.636116191500236],[139.464008227366946,35.635706684890479],[139.464098935478432,35.635574544635361],[139.464374445174002,35.635324391916129],[139.464831530642584,35.635008184820173],[139.464887396387724,35.634865057120969],[139.464857500634253,35.63488563194776],[139.464719235495693,35.634751587264191],[139.464010135008863,35.634002693960596],[139.463682736416928,35.63365695266377],[139.463575816079356,35.633433395600292],[139.463545929933105,35.633422882344313],[139.463149864309798,35.633564144924669],[139.463103911076786,35.633597064713101],[139.462804754182855,35.633663842631137],[139.462423762604516,35.633753217574387],[139.462242531727526,35.633781597053876],[139.462041345864748,35.633825228540914],[139.461774187107778,35.633780809176443],[139.46177411286294,35.633750599600376],[139.461674211207196,35.633697158391321],[139.461574795378368,35.633613969127175],[139.461457064756758,35.633109020861035],[139.461435730894522,35.63307740769087],[139.461345934635517,35.632947415726512],[139.461269572974828,35.632887218969664],[139.461150098863101,35.632842554068276],[139.460929889517473,35.63283080932402],[139.460506022172154,35.632838569948433],[139.458945155438215,35.632852036088359],[139.458902479863582,35.632902992961412],[139.458917573888812,35.633069544905403],[139.459065290195326,35.634696848871123],[139.459083415197085,35.634749896924973],[139.45903573378132,35.634985403461293],[139.458745240728064,35.635663863193976],[139.458666160373298,35.635742241582165],[139.458217122862493,35.636187366559227],[139.458229087810878,35.636210640906498],[139.458515353603246,35.636504158641074],[139.458584845810293,35.636686900433389],[139.458567730827781,35.636897469184646],[139.458160510167033,35.637779708585043],[139.457991201817123,35.638031669442711],[139.457826381342329,35.638164561505342],[139.457699761764275,35.638179869772905],[139.457291408960884,35.638269117951836],[139.457167727089313,35.638301900910079],[139.456860829863899,35.638434066989795],[139.456809228934759,35.638446755906109],[139.456774903661227,35.638536680071098],[139.456675316700199,35.638655658479244],[139.456670196485021,35.638815265949347],[139.456668397800939,35.638871257579225],[139.456832796561145,35.639987313017656],[139.456801102200473,35.640252515587164],[139.456878753389816,35.640268005211603],[139.456884723758009,35.640346609600215],[139.457422955715799,35.640497650837553],[139.457325958171452,35.640680013116977],[139.457833674254289,35.640624347916877],[139.457953830274619,35.64033188787009],[139.457920878681222,35.640313403616069],[139.457995261573359,35.640244167448323],[139.458271593650551,35.640136937023932],[139.458337580802294,35.64011946694233],[139.458316572111841,35.639843183361883]]]]}},
{"type":"Feature","properties":{"KEY_CODE":"13224002206","PREF":"13","CITY":"224","S_AREA":"002206","PREF_NAME":"東京都","CITY_NAME":"多摩市","S_NAME":"連光寺六丁目","KIGO_E":null,"HCODE":8101,"AREA":151407.546,"PERIMETER":1832.406,"R2KAxx":5121,"R2KAxx_ID":5120,"KIHON1":"0022","DUMMY1":"-","KIHON2":"06","KEYCODE1":"224002206","KEYCODE2":"224002206","AREA_MAX_F":"M","KIGO_D":null,"N_KEN":null,"N_CITY":null,"KIGO_I":null,"KBSUM":9,"JINKO":778,"SETAI":343,"X_CODE":139.466145,"Y_CODE":35.63263,"KCODE1":"0022-06","visited":0},"geometry":{"type":"MultiPolygon","coordinates":[[[[139.466002618832306,35.634094428151286],[139.466524955715784,35.633889603228006],[139.466582762754541,35.633914991076011],[139.466680592696036,35.633997642858255],[139.466724074176284,35.633977109472305],[139.466964381807486,35.634055270508441],[139.467164714563239,35.634066131912135],[139.467253208522266,35.634086295269356],[139.467351675522536,35.634058042908116],[139.467487197692179,35.634046907395472],[139.467696865096769,35.633987696114495],[139.467879548289233,35.633944140126687],[139.468019224808444,35.633929180737269],[139.468215563169338,35.633860666541857],[139.468368822924702,35.633781457464615],[139.468636741608691,35.633531525440986],[139.468879531381333,35.633277992474255],[139.469168769133262,35.633114769971435],[139.469025341473184,35.633100812358379],[139.468966264844653,35.633088978126381],[139.468883071929127,35.632979050111821],[139.46877199463961,35.632652681915388],[139.468725817389242,35.632451152116673],[139.468718322629286,35.632292868354163],[139.468735772067419,35.631998651032667],[139.468779362642778,35.631836578526915],[139.468898030551145,35.631566860516649],[139.468837831228257,35.631546078513672],[139.468403082742412,35.631543410057553],[139.468122018756588,35.631631837747669],[139.46789376684157,35.631616035377291],[139.467814484782423,35.631543015033941],[139.467749611545571,35.631280514663835],[139.467689706674548,35.6311767138425],[139.467585875017676,35.63103027997024],[139.467393306264597,35.630908112945178],[139.467117118361074,35.630868289402819],[139.466759573798612,35.630870321277435],[139.466267626112511,35.630885107539299],[139.46593505805734,35.630867077448549],[139.465450726578638,35.630754288591767],[139.4652902264136,35.630692809719257],[139.465132236487904,35.630582435226813],[139.464978187096932,35.630412747723518],[139.464828294327475,35.630267893166149],[139.464803529960079,35.630203771964204],[139.464735459500332,35.63063792921961],[139.464742999367957,35.630817868213121],[139.464782137781668,35.630953718667264],[139.464806256003612,35.631138779494883],[139.464896917920299,35.631409781277455],[139.464969781159652,35.631573970884226],[139.465085822325989,35.631775019639271],[139.464848202875373,35.63182670991862],[139.464747336600055,35.631833405173992],[139.464614669803012,35.631805637248505],[139.464064181263296,35.631719785060817],[139.46393436928156,35.631708995732069],[139.463662292811279,35.631787830266632],[139.463698731181267,35.631985287801896],[139.463709093198133,35.632347512406277],[139.463667484002315,35.632569515527678],[139.463619950183443,35.632692141199364],[139.463568301596524,35.632874433000097],[139.463497810203506,35.633083812419386],[139.463492321000246,35.633189104859802],[139.463511180885263,35.6333452437921],[139.463545929933105,35.633422882344313],[139.463575816079356,35.633433395600292],[139.463682736416928,35.63365695266377],[139.464010135008863,35.634002693960596],[139.464719235495693,35.634751587264191],[139.464857500634253,35.63488563194776],[139.464887396387724,35.634865057120969],[139.464978065201535,35.634788159063575],[139.465014302832117,35.634702467208491],[139.465030606854356,35.634589674266138],[139.465009465985503,35.634497045046324],[139.466002618832306,35.634094428151286]]]]}},
{"type":"Feature","properties":{"KEY_CODE":"132240030","PREF":"13","CITY":"224","S_AREA":"003000","PREF_NAME":"東京都","CITY_NAME":"多摩市","S_NAME":"貝取","KIGO_E":"E3","HCODE":8101,"AREA":1409.327,"PERIMETER":200.86,"R2KAxx":5122,"R2KAxx_ID":5121,"KIHON1":"0030","DUMMY1":"-","KIHON2":"00","KEYCODE1":"224003000","KEYCODE2":"2240030","AREA_MAX_F":null,"KIGO_D":null,"N_KEN":null,"N_CITY":null,"KIGO_I":null,"KBSUM":0,"JINKO":0,"SETAI":0,"X_CODE":139.437323,"Y_CODE":35.637068,"KCODE1":"0030-00","visited":0},"geometry":{"type":"MultiPolygon","coordinates":[[[[139.437683915202882,35.636914481140558],[139.437587847288484,35.636830366962876],[139.437497067154993,35.6369506969451],[139.437070156592597,35.637021369868044],[139.436858228237497,35.637262492701005],[139.436860320373825,35.637284399881842],[139.437021246368374,35.637222150429935],[139.437679904368679,35.637089705651917],[139.437661979388253,35.636946167631351],[139.437683915202882,35.636914481140558]]]]}},
{"type":"Feature","properties":{"KEY_CODE":"132240030","PREF":"13","CITY":"224","S_AREA":"003000","PREF_NAME":"東京都","CITY_NAME":"多摩市","S_NAME":"貝取","KIGO_E":"E1","HCODE":8101,"AREA":97196.682,"PERIMETER":2274.089,"R2KAxx":5124,"R2KAxx_ID":5123,"KIHON1":"0030","DUMMY1":"-","KIHON2":"00","KEYCODE1":"224003000","KEYCODE2":"2240030","AREA_MAX_F":"M","KIGO_D":null,"N_KEN":null,"N_CITY":null,"KIGO_I":null,"KBSUM":14,"JINKO":1155,"SETAI":598,"X_CODE":139.445698,"Y_CODE":35.635944,"KCODE1":"0030-00","visited":0},"geometry":{"type":"MultiPolygon","coordinates":[[[[139.445855407667693,35.637326117412471],[139.446148841262669,35.636553013868998],[139.446232485978527,35.636326393606829],[139.44684690850687,35.63657063884591],[139.447048858092529,35.636505725780054],[139.447190973209501,35.636326756378196],[139.447341491165503,35.636175132872921],[139.447479162001144,35.636050369657085],[139.447864671493846,35.636442248808208],[139.448342258385537,35.636091542154468],[139.448434765133015,35.635985400721395],[139.448843480753595,35.635675803483601],[139.448421593675278,35.635224764023725],[139.447920629437732,35.634805544412259],[139.447822643725971,35.634723545341586],[139.447468452743124,35.634528584525214],[139.44703730972401,35.635106292355964],[139.446874230202781,35.635027006844716],[139.446816535013369,35.634998446967266],[139.44673770654822,35.635114986612791],[139.446465436355709,35.63548006594263],[139.446454884446268,35.635494718822322],[139.446279703379389,35.635399657852496],[139.445645097999176,35.63504080887396],[139.446013632391555,35.634873550683167],[139.446206255479922,35.634701994951271],[139.445854086936379,35.634526261316289],[139.445690027366226,35.634766426253485],[139.445123255972447,35.634821256639313],[139.44468097937289,35.634622097078946],[139.444551161275285,35.634764452375954],[139.444282110694729,35.634641480737201],[139.444249588167651,35.634686267287144],[139.444031263981373,35.634935830856016],[139.443916463345374,35.634907186747945],[139.443509837653778,35.634827180296234],[139.443052303719469,35.634732924618731],[139.442968937223981,35.634962784036588],[139.442924827411076,35.635084430037587],[139.442801089962387,35.635110683139267],[139.44267569505709,35.635229285508856],[139.442558828272553,35.635279361598187],[139.442165110868359,35.635418078995151],[139.442275268615106,35.635549802242544],[139.442350071314792,35.635750526848732],[139.442683503102813,35.635627634515323],[139.442734113136851,35.635642984867488],[139.442808358581004,35.635524170429775],[139.443075689946198,35.635645496215652],[139.443138829627827,35.635556118110564],[139.443200579653336,35.635579328747362],[139.443374104081414,35.635644550559505],[139.443521022424477,35.635666987652193],[139.443595872209102,35.635695271216257],[139.443637455703794,35.635699895534827],[139.443835272800868,35.635735703422718],[139.443908030435153,35.635759374211993],[139.443952731471114,35.635780380842029],[139.44405674868355,35.635829259165526],[139.444069543186316,35.635836565856913],[139.444000394242551,35.635981976819139],[139.444515140681688,35.636100390771453],[139.44440024225301,35.636358389076236],[139.44438807333043,35.636439295649204],[139.44505443862883,35.636528407083425],[139.445391507033975,35.636795923455736],[139.445342934081054,35.636985121737318],[139.445274905170919,35.637049653244709],[139.445155879773836,35.637296969739253],[139.445104676895141,35.637301388306781],[139.444764214501419,35.637255690328004],[139.444709014758359,35.637382815781571],[139.444559980969842,35.637725030229845],[139.444722492330868,35.637895687019721],[139.444860520287989,35.638107951699922],[139.445066206879318,35.638359514247711],[139.445400125673871,35.638432169036903],[139.445530660095756,35.638490756859774],[139.44586529257711,35.638504929701128],[139.445852457915862,35.637579476514809],[139.445855407667693,35.637326117412471]]]]}},
{"type":"Feature","properties":{"KEY_CODE":"132240030","PREF":"13","CITY":"224","S_AREA":"003000","PREF_NAME":"東京都","CITY_NAME":"多摩市","S_NAME":"貝取","KIGO_E":"E2","HCODE":8101,"AREA":2238.527,"PERIMETER":244.159,"R2KAxx":5123,"R2KAxx_ID":5122,"KIHON1":"0030","DUMMY1":"-","KIHON2":"00","KEYCODE1":"224003000","KEYCODE2":"2240030","AREA_MAX_F":null,"KIGO_D":null,"N_KEN":null,"N_CITY":null,"KIGO_I":null,"KBSUM":0,"JINKO":0,"SETAI":0,"X_CODE":139.436193,"Y_CODE":35.637788,"KCODE1":"0030-00","visited":0},"geometry":{"type":"MultiPolygon","coordinates":[[[[139.436415194979304,35.637592674803962],[139.436412212111748,35.63752414730758],[139.436206638385414,35.637561321832877],[139.436179748626017,35.637417015233567],[139.435946030255053,35.63741550597981],[139.435985887030228,35.637545278594047],[139.436074495941256,35.637715950158359],[139.436087438101936,35.637776375949585],[139.436064236944617,35.6380022389475],[139.436059484325199,35.638073733797413],[139.436060236168601,35.638139543925895],[139.43606674323982,35.638245404545607],[139.436108345454528,35.638240646797762],[139.436366637981081,35.638026965112765],[139.436358084547066,35.637977362007916],[139.436373371247896,35.637781823522594],[139.436400363849827,35.637687269163557],[139.436415194979304,35.637592674803962]]]]}},
{"type":"Feature","properties":{"KEY_CODE":"132240040","PREF":"13","CITY":"224","S_AREA":"004000","PREF_NAME":"東京都","CITY_NAME":"多摩市","S_NAME":"乞田","KIGO_E":null,"HCODE":8101,"AREA":327019.386,"PERIMETER":4479.676,"R2KAxx":5125,"R2KAxx_ID":5124,"KIHON1":"0040","DUMMY1":"-","KIHON2":"00","KEYCODE1":"224004000","KEYCODE2":"2240040","AREA_MAX_F":"M","KIGO_D":null,"N_KEN":null,"N_CITY":null,"KIGO_I":null,"KBSUM":37,"JINKO":2571,"SETAI":1303,"X_CODE":139.441589,"Y_CODE":35.633002,"KCODE1":"0040-00","visited":0},"geometry":{"type":"MultiPolygon","coordinates":[[[[139.442968937223981,35.634962784036588],[139.44305230371944,35.634732924618746],[139.443509837653778,35.634827180296234],[139.443916463345374,35.634907186747945],[139.444031263981373,35.634935830856016],[139.444249588167651,35.634686267287144],[139.444282110694729,35.634641480737201],[139.444551161275285,35.634764452375954],[139.44468097937289,35.634622097078946],[139.445123255972447,35.634821256639313],[139.445690027366226,35.634766426253485],[139.445854086936379,35.634526261316289],[139.446206255479922,35.634701994951271],[139.446013632391555,35.634873550683167],[139.445645097999176,35.63504080887396],[139.446279703379389,35.635399657852496],[139.446454884446268,35.635494718822322],[139.446465436355709,35.63548006594263],[139.44673770654822,35.635114986612791],[139.446816535013369,35.634998446967266],[139.446874230202781,35.635027006844716],[139.44703730972401,35.635106292355964],[139.447468452743124,35.634528584525214],[139.447230963975301,35.634397866869378],[139.446714967761409,35.634128973664247],[139.446195055585832,35.633886051526616],[139.445670133768289,35.633635542105992],[139.445272539832786,35.63344582402177],[139.444841128079844,35.633239976973677],[139.444441116218968,35.633033557739353],[139.444421412281542,35.633023599884396],[139.443590554452271,35.632603478065192],[139.442968423304393,35.632289683784812],[139.442842605200099,35.632226223972197],[139.442581177811377,35.63210809379121],[139.442058515075274,35.631867610998015],[139.441761856779038,35.631705390474089],[139.441652016663255,35.631659330586004],[139.441452010860161,35.631575412707548],[139.441111655568932,35.631432659012972],[139.441063915068383,35.631423454989907],[139.440146205679298,35.631246287904091],[139.440039264086664,35.631225657613626],[139.439079618342106,35.631044118175765],[139.438538323214487,35.630930839779438],[139.437987659277553,35.630836893882631],[139.437519946880911,35.630748779635304],[139.437231647968417,35.630703610914289],[139.436896357774486,35.630654836561952],[139.435975791063299,35.630483646620661],[139.43596049628178,35.63048081469659],[139.434537897567708,35.630229935874262],[139.433994548509986,35.630141453414176],[139.433455139845421,35.630032946383146],[139.433131477286054,35.629953743411868],[139.43277743860466,35.629843349333605],[139.432378648395996,35.629661294570283],[139.432328032020962,35.629762071187471],[139.432138272749597,35.629943402551227],[139.432121301629877,35.629947712628265],[139.431887935301063,35.630233399598829],[139.431710515448827,35.630129011685838],[139.431346801361144,35.630460916676626],[139.431349880071423,35.63082766832494],[139.431308563804862,35.630887809190639],[139.431220217979529,35.631012402599069],[139.431554562228342,35.631232378269445],[139.431671523481413,35.631379133269924],[139.431697794847565,35.631412142085082],[139.431632249054786,35.631444914546762],[139.431717466173922,35.631523117235659],[139.431904299933052,35.631694680171449],[139.432003055213187,35.631851515096244],[139.432628862800726,35.632158297269086],[139.43260303128767,35.632175111995188],[139.432622527583078,35.632183274357487],[139.43256674102858,35.632403464743284],[139.432794007031816,35.632502524575692],[139.432912662830603,35.632526508694333],[139.432985453384219,35.63235556212522],[139.433619636640344,35.632567090123644],[139.43375742942851,35.632593424854669],[139.433904425275159,35.632599368994619],[139.433788220437265,35.632836578338406],[139.434295396757079,35.632952404886744],[139.434418727827108,35.632938236026568],[139.434468355149505,35.632828194177904],[139.434637727969317,35.632922305306671],[139.43530141693239,35.632968896707503],[139.435317547199958,35.632829625877733],[139.435310579489055,35.632764923272191],[139.435371867142067,35.632738400972755],[139.435485027258693,35.632861936549176],[139.435921003264156,35.632811650790103],[139.435918264092578,35.632789988556929],[139.435871618987022,35.632420347787146],[139.435991981705968,35.632378457789819],[139.436402691754068,35.632457164124062],[139.436406397677302,35.632431367852185],[139.436526635106674,35.632414757237804],[139.436651991468125,35.632426999802341],[139.436731411975074,35.632483736713588],[139.436810179418956,35.63248079210873],[139.436950289708875,35.632509701114039],[139.437045366381483,35.63249652825305],[139.437173880603922,35.632445615057151],[139.437184928153073,35.632662611377881],[139.437440096927958,35.632728198914862],[139.437574817409171,35.632555904371422],[139.43769749652472,35.632516554822772],[139.437942895311068,35.632551794036971],[139.43808589083568,35.63265172951936],[139.438319689174079,35.632660452518977],[139.438499021954385,35.632589458945624],[139.438724860711801,35.632524250726142],[139.438849430431759,35.63238945426221],[139.438917180260347,35.632372845707778],[139.438897287037889,35.632445557808104],[139.438979754064832,35.632496881468683],[139.439024643082377,35.632682546683569],[139.4388108056921,35.632815501155839],[139.438757372353422,35.632858774737372],[139.438783866492372,35.633005296979917],[139.438785629570134,35.63301498531068],[139.439122505751527,35.633006403859945],[139.439219159776911,35.633005804717392],[139.439315804814782,35.633007035252454],[139.439324519540833,35.633111988035829],[139.439452335049538,35.633089237065597],[139.439629101073109,35.63314551511295],[139.439725751471514,35.633119317825113],[139.440611824049597,35.633252444262538],[139.440782898911692,35.633538163822664],[139.440803223160998,35.633545094123086],[139.440811773606953,35.633559937392164],[139.440894394490584,35.633598063384696],[139.441057454640514,35.633668899612161],[139.441239253794834,35.633746106143221],[139.441498295202507,35.633832576855923],[139.441498973240073,35.633832831575084],[139.441595278473159,35.633868946169926],[139.441757284374745,35.633929863273046],[139.441811274890739,35.633952572479203],[139.441785644139856,35.634001163545655],[139.441770036395468,35.634031758273096],[139.442002648780516,35.634121080456524],[139.44193879259268,35.634360464993172],[139.441898462622902,35.63451170043426],[139.441824085189324,35.634604939511128],[139.441824159445645,35.634642332672151],[139.4419198483088,35.634778479816589],[139.4419875240024,35.634901121805989],[139.441950114108579,35.634948852229329],[139.441923717457001,35.635054920705926],[139.442355159156847,35.63517529245518],[139.441559586634156,35.635661488209166],[139.440754703739771,35.63615335400398],[139.44053955847761,35.636243669027024],[139.440580897995773,35.636327391205491],[139.441033485206162,35.636129296645734],[139.441533121428421,35.636081802295664],[139.441891918491791,35.635711367476546],[139.442094828383802,35.635475911414161],[139.442165110868359,35.635418078995151],[139.442558828272553,35.635279361598187],[139.44267569505709,35.635229285508856],[139.442801089962359,35.635110683139267],[139.442924827411076,35.635084430037587],[139.442968937223981,35.634962784036588]]]]}},
{"type":"Feature","properties":{"KEY_CODE":"13224006100","PREF":"13","CITY":"224","S_AREA":"006100","PREF_NAME":"東京都","CITY_NAME":"多摩市","S_NAME":"和田","KIGO_E":null,"HCODE":8101,"AREA":1433790.479,"PERIMETER":9038.086,"R2KAxx":5126,"R2KAxx_ID":5125,"KIHON1":"0061","DUMMY1":"-","KIHON2":"00","KEYCODE1":"224006100","KEYCODE2":"224006100","AREA_MAX_F":"M","KIGO_D":null,"N_KEN":null,"N_CITY":null,"KIGO_I":null,"KBSUM":97,"JINKO":9513,"SETAI":3938,"X_CODE":139.429368,"Y_CODE":35.643012,"KCODE1":"0061-00","visited":0},"geometry":{"type":"MultiPolygon","coordinates":[[[[139.436641222837181,35.650387361447237],[139.436661139781819,35.650379314448742],[139.436737339701722,35.650379564987752],[139.436769457948742,35.650360742160238],[139.436782752372125,35.650351772226671],[139.436789419420933,35.650343682750346],[139.43679386232921,35.650338288292907],[139.436796120773778,35.6503283798368],[139.436795181560058,35.650295027836606],[139.436898222328068,35.650226861976563],[139.436909323336607,35.650215181938542],[139.436918205337037,35.650205295794606],[139.436917136932948,35.650198079833956],[139.436913989970719,35.650167371743912],[139.437226699798146,35.650090596860387],[139.437321624819504,35.65002499626253],[139.437198120214163,35.649605598102539],[139.437091021198682,35.649201744813737],[139.437391002041693,35.649148400746],[139.437671272373876,35.649085838166997],[139.437999000625609,35.649003853054914],[139.438278307367995,35.648882872298778],[139.438482742001952,35.648776295685593],[139.439084431397816,35.648404760992435],[139.438256727408401,35.648429973343063],[139.437999920776946,35.648502260466024],[139.438093978861986,35.648244519647378],[139.437774879600425,35.647889193623264],[139.437883612632305,35.647646675823594],[139.437798414678667,35.647559709516834],[139.437695083896529,35.647345120082399],[139.437493946874611,35.647055250261182],[139.437305941895374,35.647111178947675],[139.437253769508175,35.64702756391025],[139.437239545027182,35.646929457583504],[139.437235682802964,35.646907650208476],[139.437090242431594,35.646887595238653],[139.436786985670693,35.64687153018798],[139.436762161462042,35.646893629529075],[139.436709435683866,35.646948701675306],[139.436437032107932,35.646826580970668],[139.43642726796071,35.646820561044834],[139.436349946116849,35.646772809123796],[139.436208912426707,35.646585171960645],[139.436504701805546,35.646060888536503],[139.436638559869635,35.645823558552323],[139.436651362209602,35.645764555892036],[139.436692714490022,35.645729766661887],[139.436695757077388,35.645730547967126],[139.437268660085124,35.64587719455541],[139.437403381291773,35.64587763647738],[139.437379699323543,35.645753172297091],[139.437387535590545,35.645733418488163],[139.437346780808298,35.64571069844434],[139.437314364750449,35.645568881410298],[139.43728307049156,35.645548153662922],[139.437155314261673,35.645039590398078],[139.438043624133996,35.644849906558932],[139.438077766209119,35.644258958406816],[139.438078972463046,35.644180161875354],[139.438107645686785,35.643893262694327],[139.438112334047673,35.64386106246625],[139.437916423962434,35.643947459686679],[139.437844505056262,35.643923807513396],[139.437683471073939,35.643899971552436],[139.43763030412606,35.643939795218586],[139.437515383723593,35.643968712652992],[139.437385757933356,35.643941569092732],[139.437309541014741,35.643925609630891],[139.43716966410355,35.644037469567472],[139.436904748536762,35.644357286976778],[139.436738189010043,35.644464975606944],[139.436409474109837,35.644584348177908],[139.43635968729734,35.644428416042039],[139.435656353848174,35.644110168288833],[139.435646038167278,35.644068234454984],[139.435322073980871,35.644046885685199],[139.435361861953965,35.644373759913151],[139.435382614024235,35.644596856286554],[139.435372338620851,35.644599135242075],[139.434999953498476,35.64464928505852],[139.434983142204516,35.644652428156768],[139.434867319624203,35.644674085461318],[139.434819651501613,35.644711785498998],[139.434752184397297,35.644733195180379],[139.434566066391909,35.64463252951478],[139.434376209396191,35.644619460697861],[139.43430540487023,35.644564136491248],[139.434248079282668,35.644547330226651],[139.434171835064063,35.644170195458607],[139.434365801133112,35.643998730580144],[139.434424026222644,35.643809215796317],[139.434551919035954,35.643644540915389],[139.434921522117634,35.643491507220347],[139.43522297171296,35.643607812763598],[139.435347093960331,35.64365571961411],[139.435566138978174,35.643314274976973],[139.43530499166144,35.643229862133538],[139.435578872616475,35.642842967817323],[139.435807325875913,35.642882379764671],[139.435883502899429,35.642751404743088],[139.435443763577894,35.642636089801108],[139.435197268933535,35.642546195984188],[139.435251747954936,35.64203302204087],[139.435162912736303,35.641803021094923],[139.435221904201256,35.641371371751475],[139.435363722818209,35.640711062936674],[139.435387614073392,35.640494497165058],[139.435516382516425,35.640316833104144],[139.43559448900794,35.640135549808406],[139.435745009346533,35.639815850023979],[139.435750650860768,35.639817629080369],[139.435803988844867,35.639629433972679],[139.435902740923439,35.639441987487444],[139.435655515022034,35.639205551293379],[139.435545990662717,35.639120899416298],[139.434299337195682,35.638855106388803],[139.434095072781162,35.638844432976178],[139.433528681498444,35.638832310315529],[139.433524272750873,35.63879103127379],[139.432995945466359,35.638766673674844],[139.432955000654744,35.638760448799907],[139.432916569948219,35.638751727977152],[139.432930210099499,35.638680474547016],[139.432938354778997,35.638655855469452],[139.432920870152117,35.638650338886038],[139.432900855903114,35.638642597358668],[139.432906607945171,35.638604239739543],[139.432917846749632,35.638530442156878],[139.432898710793125,35.638320108624278],[139.432651105290546,35.638360479175191],[139.432564368685718,35.638178933214427],[139.431921746575995,35.638128596246752],[139.431999147005428,35.637813623568135],[139.432141993537016,35.637530061807269],[139.432175635187292,35.637478557052752],[139.432478490005195,35.637066205384869],[139.432708042169821,35.636882855962696],[139.432566351666196,35.636460786594391],[139.432090695917424,35.636523675788112],[139.432082807514462,35.636548506319528],[139.432127463798054,35.636743821028638],[139.431975054420889,35.636723669040428],[139.43173290980269,35.636742685407562],[139.431325459937483,35.636620843673725],[139.431292161469486,35.636595205317498],[139.430983948285643,35.636716389312788],[139.430959465332108,35.63671320815557],[139.430961181811455,35.636569529404021],[139.430968532461094,35.635954547347858],[139.431099923466263,35.635366671324661],[139.430742899289413,35.63539981006722],[139.43072915495992,35.635371489382031],[139.430650662773161,35.635413445281515],[139.430629924225371,35.635480907248549],[139.430319563138738,35.635497721872113],[139.430328793879653,35.635858015199986],[139.430254490076862,35.635838683539674],[139.429955252054441,35.635693183630146],[139.429802475993796,35.635737459869389],[139.429662369932913,35.63578427761712],[139.42956186538504,35.635606625511215],[139.429379412909924,35.635284236848122],[139.429416223662543,35.635185349968239],[139.429398039810593,35.635002307213178],[139.428742192835244,35.635031023025775],[139.428578996814679,35.635038187210796],[139.428338288747966,35.635183534686263],[139.428438470727997,35.635245169418482],[139.428499532335479,35.635392304449987],[139.428487013375332,35.635471554709838],[139.428399466807093,35.635572592721722],[139.428371522177343,35.635597357935048],[139.428099286005533,35.635725344318864],[139.42790798266202,35.635994231347929],[139.42769193679743,35.636140399818046],[139.427635932919799,35.636289392412728],[139.427534791471516,35.636417461290826],[139.427522779075673,35.636422071636012],[139.427501686490984,35.636430166220876],[139.427483752517617,35.636437042178912],[139.427295209589545,35.636551719001744],[139.427239164078003,35.636666102632887],[139.427164143206511,35.636831439822842],[139.42707415778213,35.636919407118391],[139.426973579761892,35.637003994877922],[139.426899433821688,35.637090218582955],[139.426854570519708,35.637134079888234],[139.426828389704013,35.637159694076125],[139.426840258873654,35.637200788854322],[139.426913758986672,35.637455425960454],[139.427011354614677,35.637806650563185],[139.426981379337576,35.637823098641164],[139.426861118030018,35.637876423859588],[139.426772457057695,35.637762399162249],[139.426767319630585,35.637755234332126],[139.426714542340306,35.637777343568857],[139.426520509224503,35.637842706320697],[139.426514455594798,35.637845714479106],[139.426316976258931,35.637943917367394],[139.42634583820788,35.637985175124456],[139.42619998074619,35.638050664045494],[139.426199607750164,35.638124182358141],[139.426194060486949,35.63813789478624],[139.426088381539273,35.638164755134511],[139.426075655105393,35.638207771716239],[139.425933123395282,35.638229615640519],[139.425926446009953,35.638236669101026],[139.425786419708515,35.638385273182195],[139.425362348339803,35.638835260819093],[139.425317508060857,35.638797891721858],[139.425306475801221,35.638804510109225],[139.425298025355403,35.638795361736761],[139.425170715613774,35.638885630777793],[139.424996752140316,35.639015282596006],[139.424940560148258,35.639064384580067],[139.424857939119448,35.639196072181292],[139.424797779940889,35.639236604218674],[139.424410997794865,35.639433194389831],[139.424373468629881,35.639452267913256],[139.424149138631464,35.639646885786675],[139.424053929844376,35.639675505622947],[139.424052727137052,35.639826479659853],[139.424062293656164,35.639912916642203],[139.423878548165845,35.640107492271746],[139.423576540866861,35.640427331332099],[139.423548435310437,35.640474557563572],[139.423401689232151,35.640721229219295],[139.423218788739405,35.640834192825466],[139.422980115680531,35.640955947647761],[139.422831337658039,35.641042829217533],[139.422613644029383,35.641152647701205],[139.421801976230057,35.641386171575945],[139.421782191920698,35.641391878583057],[139.421676715947797,35.642033772973704],[139.421595452115042,35.642453931275796],[139.421489113068361,35.642650071763619],[139.421477418831017,35.642684644320298],[139.421471505525659,35.642702087988965],[139.421424625089088,35.642793295128534],[139.421212659679128,35.643205682045192],[139.421627829785848,35.643432161639439],[139.421819354495113,35.643548478236532],[139.421742396307508,35.643625394563742],[139.421447728666521,35.643880536731551],[139.421274450118034,35.644150597401087],[139.421103950707419,35.644265712275967],[139.419486285930162,35.64350893987298],[139.418626050656059,35.643276064400865],[139.418563145037098,35.643220570819558],[139.418562562830601,35.643216377800016],[139.418558944836008,35.643190451249033],[139.418590092339258,35.643089295757719],[139.418559683239494,35.643080848117989],[139.418391207090679,35.643038085605674],[139.418312455294341,35.643027569570485],[139.418268894443827,35.643018194127372],[139.418176503239465,35.643009425600134],[139.41811265338427,35.643003396056869],[139.418107005642867,35.643002847905045],[139.417958900506449,35.643049306199458],[139.417954408006977,35.643050700187814],[139.417912822609594,35.643093266881444],[139.417694962739574,35.643349014094746],[139.417580521854916,35.643499913854448],[139.417421639897469,35.643728563692761],[139.417304082431713,35.643897740141597],[139.417293980206892,35.643957527578699],[139.417174656010047,35.644043200655169],[139.417008852104686,35.644108682732636],[139.416832296601712,35.644267392513612],[139.417012660832427,35.64453007954242],[139.417835396943303,35.644550876736702],[139.418591495586924,35.644545277825564],[139.418960164259289,35.644705306092327],[139.41911272422908,35.644999511920595],[139.419144021322666,35.645095178634314],[139.419134316027623,35.645337597237379],[139.419042304163526,35.645572268930891],[139.418944576619168,35.645744459811567],[139.418866294134801,35.645934919716403],[139.41881235009717,35.646106697214591],[139.418786624989934,35.646185126384211],[139.41879428488852,35.646280289861899],[139.418840856057585,35.64655913259724],[139.419007898870916,35.646922894107441],[139.419146979694915,35.647163923521397],[139.419314970924745,35.647411106505189],[139.419341339204379,35.647550874205429],[139.419568093459503,35.647737944922497],[139.419619542197466,35.647732313161065],[139.419760423883645,35.647699276941076],[139.420010498469907,35.647546763312256],[139.42024358333407,35.647442779426129],[139.420571678458259,35.647350739795883],[139.420815651993848,35.647259466421808],[139.420957756210441,35.647324210242935],[139.421142097471602,35.647362692970539],[139.421289321915395,35.647354287537063],[139.421477419459933,35.646812176203653],[139.42163197250062,35.64643455584963],[139.421847978020594,35.646295158800477],[139.422154589957245,35.646151178577078],[139.422492530930981,35.646021525041029],[139.42276835680272,35.645900463749989],[139.422901080229963,35.645858945109723],[139.422921904870947,35.645852431232292],[139.423354469495109,35.645717042752054],[139.423539104157072,35.64567189828265],[139.423688872175205,35.645646210514883],[139.424041776675693,35.645652197337995],[139.424591769539205,35.645674801477007],[139.424814561780494,35.645598728461444],[139.424875546492899,35.645533022801573],[139.425082802841189,35.645466578744319],[139.425170069730115,35.645457297041283],[139.425285876669761,35.645408501690419],[139.425375025893231,35.645351341307901],[139.425455343413972,35.645181867405107],[139.425495318586627,35.644818712812807],[139.425541560055393,35.644725352823741],[139.425696418807746,35.644588558201391],[139.425895288109331,35.644440998176229],[139.425940899178414,35.644408338090393],[139.426386953934724,35.644088943371351],[139.426752421225729,35.643878602423634],[139.426853108012608,35.643791726745313],[139.427154770077863,35.643727465986416],[139.427203483044906,35.64372452988755],[139.427423085173984,35.643706678300319],[139.427471402567079,35.64370532683845],[139.427432081086636,35.643739111728379],[139.427371691138433,35.643791000953442],[139.427407110773316,35.643848913716369],[139.427434114710621,35.643893064814243],[139.427450263132158,35.643975143444599],[139.427450007777054,35.64402561865657],[139.427435869720853,35.644201336745866],[139.427434449761989,35.644263526187707],[139.427419451576554,35.644608698468119],[139.427438271735213,35.644817876834807],[139.42739999402869,35.644962867188603],[139.427368613777105,35.645053800127087],[139.427409938140727,35.645180129972609],[139.427450297224965,35.645278513426568],[139.427469942442144,35.645324549900927],[139.427500531767151,35.645389549935217],[139.42753243104093,35.645468750941198],[139.427551790440447,35.645516814835815],[139.427604432977091,35.645588199214544],[139.427616514769426,35.645601303663867],[139.427634861351379,35.645621203153624],[139.427673621794895,35.64566324597812],[139.427684838089192,35.645662767102756],[139.427830462434855,35.645656561353015],[139.428104297241077,35.645661088213267],[139.428196992800594,35.645674018279209],[139.428197622532394,35.645674374689328],[139.428302698337205,35.645733863475591],[139.428409565939575,35.645782895465985],[139.428527599578501,35.645807627373593],[139.428606986320659,35.645831329480373],[139.428693132795445,35.645828915017582],[139.428809133730823,35.64581848701458],[139.428958375675563,35.64578563790289],[139.429201310935269,35.645786451925275],[139.429209201061127,35.6457835675212],[139.429306409863386,35.645748044347741],[139.429519234066845,35.645807345465691],[139.429656188723413,35.645802395286395],[139.429684889922271,35.645804295252837],[139.429846048304313,35.645817452540022],[139.429992283497512,35.645943230615273],[139.430062759937044,35.645982225799941],[139.430182958437342,35.646015976948966],[139.430353932369201,35.646053504360125],[139.430399091429052,35.646076189260405],[139.430470555914923,35.646138621616203],[139.430663845959316,35.646130253275061],[139.43075735514833,35.646200872620284],[139.430828801945012,35.646266909824341],[139.430902764496182,35.646367712635552],[139.43091764245267,35.646387988458116],[139.430989963125455,35.646499999956646],[139.431016239795071,35.646545155718009],[139.43106518172749,35.646631472658981],[139.431114152341735,35.646690967204094],[139.431213703435986,35.646856078862534],[139.431246586007575,35.646939495181371],[139.431119403989783,35.646968506364225],[139.43106770902773,35.647041465192252],[139.43094608951256,35.647079719070824],[139.430645427066992,35.64714895824995],[139.430130792008924,35.647143963821669],[139.430041143454872,35.647154684742347],[139.430025203020222,35.647228113629453],[139.430103995957722,35.647428894959546],[139.430173803151945,35.647538066916077],[139.430216216440101,35.647553630941111],[139.43068594239071,35.647567875511655],[139.430746439624102,35.647564450278011],[139.430915650141912,35.647670079325152],[139.431109577015945,35.647707379084508],[139.431273219889533,35.647711092852809],[139.431359788969473,35.647738000232316],[139.431619920462083,35.647820482232888],[139.432104535541072,35.647860120567003],[139.432544799333243,35.647926862854447],[139.432758223511826,35.647973449059499],[139.432900403316694,35.648050891155165],[139.433028652098614,35.648136874119452],[139.433215050800811,35.648075241555063],[139.433274301030195,35.648105154835839],[139.433317200975097,35.64812684527984],[139.433425663741843,35.648227623913591],[139.43352020190639,35.648395464452648],[139.433551382453373,35.648483837368282],[139.433541740886795,35.648609502121332],[139.433541451199744,35.648702030542815],[139.433596101509522,35.648754745804986],[139.433709966880173,35.648723432851902],[139.433661381093458,35.649012131473626],[139.43362881979985,35.649158318379868],[139.433501196980046,35.649136735153192],[139.433487404663964,35.649134400827919],[139.433412384538002,35.649290693450958],[139.433417510609502,35.64929215458119],[139.433447836399154,35.649300774691483],[139.433554235663252,35.649331055355084],[139.433554334802579,35.649415347139886],[139.433554516548099,35.649638399689515],[139.43358169408387,35.649906716521656],[139.433618531870565,35.650088976584051],[139.43367580466014,35.650291481022855],[139.433748769320857,35.650451994549577],[139.433932537465097,35.650755475434281],[139.434059834781863,35.650816597909824],[139.434123007612101,35.650830363708586],[139.434463309084549,35.65077265270633],[139.434780695557748,35.65076011038115],[139.436078523152588,35.65057376945024],[139.436206205689388,35.650557429590137],[139.436359167162124,35.650471457411172],[139.436404557455546,35.650455988605309],[139.436621150575633,35.650426954553822],[139.436627912321768,35.650399036392059],[139.436641222837181,35.650387361447237]]]]}},
{"type":"Feature","properties":{"KEY_CODE":"13224006101","PREF":"13","CITY":"224","S_AREA":"006101","PREF_NAME":"東京都","CITY_NAME":"多摩市","S_NAME":"和田","KIGO_E":null,"HCODE":8101,"AREA":138133.033,"PERIMETER":1618.454,"R2KAxx":5127,"R2KAxx_ID":5126,"KIHON1":"0061","DUMMY1":"-","KIHON2":"01","KEYCODE1":"224006101","KEYCODE2":"224006101","AREA_MAX_F":"M","KIGO_D":null,"N_KEN":null,"N_CITY":null,"KIGO_I":null,"KBSUM":20,"JINKO":1260,"SETAI":815,"X_CODE":139.41728,"Y_CODE":35.646571,"KCODE1":"0061-01","visited":0},"geometry":{"type":"MultiPolygon","coordinates":[[[[139.419236687146139,35.647710363865336],[139.419307433405834,35.647701487779742],[139.419568093459503,35.647737944922497],[139.419341339204379,35.647550874205429],[139.419314970924745,35.647411106505189],[139.419146979694915,35.647163923521397],[139.419007898870916,35.646922894107441],[139.418840856057585,35.64655913259724],[139.41879428488852,35.646280289861899],[139.418786624989934,35.646185126384211],[139.418812350097141,35.646106697214591],[139.418866294134801,35.645934919716403],[139.418944576619168,35.645744459811567],[139.419042304163526,35.645572268930891],[139.419134316027623,35.645337597237379],[139.419144021322609,35.6450951786343],[139.41911272422908,35.644999511920595],[139.418960164259289,35.644705306092327],[139.418591495586924,35.644545277825564],[139.417835396943303,35.644550876736723],[139.417012660832427,35.64453007954242],[139.416832296601683,35.644267392513612],[139.416670218503128,35.644495623921834],[139.416542476673982,35.644624012949514],[139.416431760914264,35.644688272505775],[139.416197928830371,35.644787107606064],[139.416115988752836,35.644792068928247],[139.415993701072949,35.644825164044846],[139.415855253364811,35.644880103217545],[139.415798431606532,35.644894725546948],[139.415731981175753,35.644911823196225],[139.415715698805258,35.64494877137632],[139.415604745299049,35.645132954279241],[139.415607149712542,35.645234542551137],[139.415609627515238,35.645338736027931],[139.415609737495572,35.645342468065181],[139.415638324745544,35.645386123534074],[139.415641619422502,35.645391134155652],[139.415691604222104,35.64546749970026],[139.415704778116378,35.645513987240768],[139.415722017238124,35.645574782274885],[139.415827262861654,35.645824643724787],[139.415747366496902,35.645909149034225],[139.415557450291431,35.645998275279013],[139.415446829009511,35.646035459555897],[139.415324325059771,35.646076652139847],[139.415260444373416,35.646117379088622],[139.41524821673795,35.646129662172306],[139.415180222970918,35.646198118228327],[139.415069311622972,35.646356809088488],[139.414937982093704,35.646560005236999],[139.414781356809613,35.646766246444024],[139.41477535016503,35.6469255495863],[139.414707025713028,35.646982631557826],[139.414791773945808,35.647026797052931],[139.414834150467442,35.647056696291237],[139.414980449100312,35.647159945719096],[139.415155849353994,35.647249564295031],[139.415744422204,35.647320618794886],[139.415895472564955,35.647406065926425],[139.415979492366915,35.647557335286251],[139.4160131010334,35.64765600304613],[139.416081680796481,35.647972597193736],[139.416153341246456,35.648161638580746],[139.416195569882262,35.648236675363449],[139.416466088354611,35.648368379765095],[139.416609487835586,35.648482428652706],[139.416691066431042,35.648589252484115],[139.417256282784479,35.649115687336604],[139.417332724794989,35.649115246592636],[139.417581048472272,35.648985581811274],[139.417618162257469,35.64896592217103],[139.417749509114742,35.648750752580945],[139.417902456644043,35.648670791274952],[139.418042129686512,35.648646978324962],[139.418195099071369,35.648542886133832],[139.418289701635075,35.648478509755428],[139.418461494808639,35.648332594912311],[139.41851997032245,35.64827772867082],[139.418662953520766,35.648214068730567],[139.418864646735869,35.648058362367898],[139.419056827333947,35.647957268601779],[139.419069257359837,35.647939142710428],[139.419236687146139,35.647710363865336]]]]}},
{"type":"Feature","properties":{"KEY_CODE":"132240070","PREF":"13","CITY":"224","S_AREA":"007000","PREF_NAME":"東京都","CITY_NAME":"多摩市","S_NAME":"百草","KIGO_E":"E1","HCODE":8101,"AREA":91665.062,"PERIMETER":1582.888,"R2KAxx":5128,"R2KAxx_ID":5127,"KIHON1":"0070","DUMMY1":"-","KIHON2":"00","KEYCODE1":"224007000","KEYCODE2":"2240070","AREA_MAX_F":"M","KIGO_D":null,"N_KEN":null,"N_CITY":null,"KIGO_I":null,"KBSUM":10,"JINKO":874,"SETAI":404,"X_CODE":139.434185,"Y_CODE":35.6376,"KCODE1":"0070-00","visited":0},"geometry":{"type":"MultiPolygon","coordinates":[[[[139.435987850651429,35.638420698859534],[139.436005742795544,35.63828280749722],[139.436071153476206,35.638269220131853],[139.43606674323982,35.638245404545607],[139.436060236168601,35.638139543925895],[139.436059484325199,35.638073733797413],[139.436064236944617,35.6380022389475],[139.436087438101936,35.637776375949585],[139.436074495941256,35.637715950158359],[139.435985887030228,35.637545278594047],[139.435946030255053,35.63741550597981],[139.435862028168799,35.637141968400762],[139.435856147703987,35.637127514787515],[139.435701004797835,35.63717189421768],[139.435483337245699,35.637073047986448],[139.435426277903218,35.637029024040345],[139.435220034109932,35.63673195132381],[139.435115716792211,35.636615837736777],[139.434891805961286,35.636576262618718],[139.434893772109234,35.636198191550072],[139.434923374923756,35.636055726378075],[139.435058624889024,35.636083458445768],[139.435127316848252,35.636069533139974],[139.435249690033828,35.635918922058025],[139.435282915441462,35.635732914714467],[139.435093466915532,35.635710918676892],[139.434921949342055,35.635818323865223],[139.434912436476736,35.635811131194963],[139.434811209996042,35.635697100260373],[139.434742261546972,35.635736658638734],[139.43466934409858,35.635646774608347],[139.43438181179647,35.635739128805],[139.434344263389704,35.635804916697623],[139.434233058950952,35.635981580850853],[139.434190517735004,35.636036825131178],[139.43425800105743,35.636109052644827],[139.434192188168169,35.636263860970061],[139.434194697986158,35.636322879699883],[139.434083538744233,35.636317302146914],[139.433992413159729,35.636445021008626],[139.43396554702997,35.63651334620905],[139.433881828421647,35.636479268123246],[139.433828533970768,35.636424446712681],[139.433641131899265,35.636545473142917],[139.433532664123419,35.636449416343218],[139.433348367789534,35.63637958289695],[139.433379303745994,35.636291205792745],[139.433210778148435,35.636250825354757],[139.432927307042661,35.636124537497167],[139.432764313655468,35.636134596326748],[139.432553176232432,35.63604196136837],[139.432471182200288,35.636069049537376],[139.432505849587614,35.636243273647672],[139.432566351666196,35.636460786594391],[139.432708042169821,35.636882855962696],[139.432478490005195,35.637066205384869],[139.432175635187292,35.637478557052752],[139.432141993537016,35.637530061807269],[139.431999147005428,35.637813623568135],[139.431921746575995,35.638128596246752],[139.432564368685718,35.638178933214427],[139.432651105290546,35.638360479175191],[139.432898710793125,35.638320108624278],[139.432917846749632,35.638530442156878],[139.432906607945171,35.638604239739543],[139.432900855903114,35.638642597358668],[139.432920870152117,35.638650338886038],[139.432938354778997,35.638655855469452],[139.432930210099499,35.638680474547016],[139.432916569948219,35.638751727977152],[139.432955000654744,35.638760448799907],[139.432995945466359,35.638766673674844],[139.433524272750873,35.63879103127379],[139.433528681498444,35.638832310315529],[139.434095072781162,35.638844432976178],[139.434299337195682,35.638855106388803],[139.435545990662717,35.639120899416298],[139.435655515022034,35.639205551293379],[139.435902740923439,35.639441987487444],[139.435940024383996,35.639351516766126],[139.435992812968635,35.63903864184546],[139.435988137837825,35.638955075425976],[139.43597443272995,35.638708845518202],[139.43598236629191,35.638700808111203],[139.435993617526066,35.63865848757613],[139.436012426961923,35.638657670357048],[139.43600526582955,35.638535962764315],[139.435987850651429,35.638420698859534]]]]}},
{"type":"Feature","properties":{"KEY_CODE":"132240070","PREF":"13","CITY":"224","S_AREA":"007000","PREF_NAME":"東京都","CITY_NAME":"多摩市","S_NAME":"百草","KIGO_E":"E2","HCODE":8101,"AREA":7537.264,"PERIMETER":375.229,"R2KAxx":5129,"R2KAxx_ID":5128,"KIHON1":"0070","DUMMY1":"-","KIHON2":"00","KEYCODE1":"224007000","KEYCODE2":"2240070","AREA_MAX_F":null,"KIGO_D":null,"N_KEN":null,"N_CITY":null,"KIGO_I":null,"KBSUM":0,"JINKO":0,"SETAI":0,"X_CODE":139.435667,"Y_CODE":35.640844,"KCODE1":"0070-00","visited":0},"geometry":{"type":"MultiPolygon","coordinates":[[[[139.435899857929883,35.640355206524582],[139.43559448900794,35.640135549808406],[139.435516382516425,35.640316833104144],[139.435387614073392,35.640494497165058],[139.435363722818209,35.640711062936674],[139.435221904201256,35.641371371751475],[139.435861747761834,35.641439743856672],[139.435974482944573,35.64097239333681],[139.436054000079196,35.640732614955276],[139.4360779493704,35.640637762401354],[139.436130558051218,35.640429390843131],[139.435899857929883,35.640355206524582]]]]}},
{"type":"Feature","properties":{"KEY_CODE":"132240080","PREF":"13","CITY":"224","S_AREA":"008000","PREF_NAME":"東京都","CITY_NAME":"多摩市","S_NAME":"落川","KIGO_E":null,"HCODE":8101,"AREA":140551.502,"PERIMETER":2586.382,"R2KAxx":5130,"R2KAxx_ID":5129,"KIHON1":"0080","DUMMY1":"-","KIHON2":"00","KEYCODE1":"224008000","KEYCODE2":"2240080","AREA_MAX_F":"M","KIGO_D":null,"N_KEN":null,"N_CITY":null,"KIGO_I":null,"KBSUM":10,"JINKO":1231,"SETAI":517,"X_CODE":139.437766,"Y_CODE":35.639354,"KCODE1":"0080-00","visited":0},"geometry":{"type":"MultiPolygon","coordinates":[[[[139.438521010377684,35.643304470024667],[139.438575877423375,35.643208069329944],[139.438873935061991,35.643357205464838],[139.43900521892175,35.64329066606183],[139.439154963178709,35.64309211712542],[139.439118597747694,35.643057669087788],[139.438882053292076,35.642952005985315],[139.438955525785644,35.642834224451441],[139.439135861152636,35.642572432523963],[139.439394283462661,35.642280967742288],[139.439457963839089,35.64218146232264],[139.439492525927989,35.642002745010004],[139.439455219549302,35.641878827218996],[139.4392090448994,35.641310235403253],[139.43907146684603,35.641166202318871],[139.43897129488721,35.641125770859254],[139.438791135825312,35.641089267750708],[139.438671748424127,35.641044302711805],[139.438595702251945,35.640983599314744],[139.438576020601772,35.640880863559403],[139.438689070705806,35.640617902224427],[139.43868878348556,35.640325662090483],[139.438476132929623,35.639809464491556],[139.438880206277844,35.63935971735247],[139.43887574335065,35.639056760927105],[139.438851222035083,35.63900879587051],[139.438650125982576,35.638836209846467],[139.438611182848604,35.638721193917753],[139.438650415686084,35.638119451270136],[139.438721022848,35.637882158970541],[139.438855948089042,35.637458748264599],[139.438866181980359,35.637298191221269],[139.438977170623417,35.636865301155503],[139.438797717762043,35.6366520139903],[139.438713082506069,35.636479281407631],[139.438671373511369,35.636435696620666],[139.438544011525295,35.636435280003496],[139.438505417102419,35.636407514362048],[139.438812995149448,35.636167617742018],[139.439171246893721,35.636533839388399],[139.439216368876515,35.636470856343962],[139.438742006432761,35.636000282427638],[139.438502999288858,35.635838593171968],[139.438174269353368,35.635723262636184],[139.438014447820734,35.63597335958886],[139.437814453782892,35.636305538578092],[139.437729673130974,35.636442718110317],[139.437622180109202,35.636637567267726],[139.437237544186416,35.636593490700371],[139.437209505472026,35.636594419199945],[139.437070156592597,35.637021369868044],[139.437497067154993,35.6369506969451],[139.437587847288484,35.636830366962876],[139.437683915202882,35.636914481140558],[139.437661979388253,35.636946167631351],[139.437679904368679,35.637089705651917],[139.437021246368374,35.637222150429935],[139.436860320373825,35.637284399881842],[139.436858228237497,35.637262492701005],[139.436835918877648,35.63705524726744],[139.436391890225934,35.63713329076873],[139.436040463689949,35.63708027084688],[139.435849894210719,35.637110275093491],[139.435856147703987,35.637127514787515],[139.435862028168799,35.637141968400762],[139.435946030255053,35.63741550597981],[139.436179748626017,35.637417015233567],[139.436206638385414,35.637561321832877],[139.436412212111748,35.63752414730758],[139.436415194979304,35.637592674803962],[139.436400363849827,35.637687269163557],[139.436373371247896,35.637781823522594],[139.436358084547066,35.637977362007916],[139.436366637981081,35.638026965112765],[139.436108345454528,35.638240646797762],[139.43606674323982,35.638245404545607],[139.436071153476206,35.638269220131853],[139.436005742795544,35.63828280749722],[139.435987850651429,35.638420698859534],[139.43600526582955,35.638535962764315],[139.436012426961923,35.638657670357048],[139.435993617526066,35.63865848757613],[139.43598236629191,35.638700808111203],[139.43597443272995,35.638708845518202],[139.435988137837825,35.638955075425976],[139.435992812968635,35.63903864184546],[139.435940024383996,35.639351516766126],[139.435902740923439,35.639441987487444],[139.435803988844867,35.639629433972679],[139.435750650860768,35.639817629080369],[139.43573497301017,35.639856519687598],[139.435875560975774,35.639896065767651],[139.435891112778904,35.63999583024767],[139.436068468921547,35.640040107944536],[139.436049600219064,35.640148667113635],[139.436311642025714,35.640216110398143],[139.436355960778513,35.640150555806237],[139.43709703462568,35.640147532646189],[139.437136180938467,35.640395959487805],[139.437160597725381,35.640482583972315],[139.437400512202032,35.641083727319241],[139.437627670195212,35.641622156679816],[139.437730417179637,35.641866354533384],[139.437931267404394,35.642343820406971],[139.438075202126726,35.64268592857843],[139.438142336850149,35.64286603430736],[139.438169478204685,35.643039353344612],[139.43820184756504,35.64324596355759],[139.438250049544592,35.643250172112701],[139.438326205934032,35.643438157313994],[139.438421481312531,35.64341382138263],[139.438521010377684,35.643304470024667]]]]}},
{"type":"Feature","properties":{"KEY_CODE":"132240091","PREF":"13","CITY":"224","S_AREA":"009100","PREF_NAME":"東京都","CITY_NAME":"多摩市","S_NAME":"東寺方","KIGO_E":null,"HCODE":8101,"AREA":268102.79,"PERIMETER":4245.602,"R2KAxx":5131,"R2KAxx_ID":5130,"KIHON1":"0091","DUMMY1":"-","KIHON2":"00","KEYCODE1":"224009100","KEYCODE2":"2240091","AREA_MAX_F":"M","KIGO_D":null,"N_KEN":null,"N_CITY":null,"KIGO_I":null,"KBSUM":23,"JINKO":1602,"SETAI":736,"X_CODE":139.439445,"Y_CODE":35.644154,"KCODE1":"0091-00","visited":0},"geometry":{"type":"MultiPolygon","coordinates":[[[[139.441036174445429,35.647202554725148],[139.440940953935041,35.647047674442248],[139.440203829825123,35.646707474393978],[139.440113575170045,35.646675138542712],[139.439909165850622,35.646646092611796],[139.439656920784358,35.646598933840892],[139.439637265728436,35.64654338124253],[139.439626867904622,35.64639416358564],[139.43954340900558,35.64628769803754],[139.439622404515234,35.646020682080234],[139.439917353788729,35.646067519978416],[139.440057741865388,35.646061992536495],[139.440118897967039,35.646079092447046],[139.44011918562714,35.646075820542748],[139.440151386868763,35.646050023865918],[139.44026985350223,35.645922162720687],[139.440380596965866,35.645857624961238],[139.440378686634034,35.645855196063188],[139.44028528131463,35.645736326654713],[139.440147052990824,35.645560413173953],[139.440127091887717,35.645535010429292],[139.44033896788784,35.645321099194192],[139.440387928623608,35.645262747416467],[139.440446950434989,35.645161085346665],[139.440468282161135,35.645089945564393],[139.440503247528738,35.644957787893233],[139.440534107837834,35.644781835803812],[139.440545655844687,35.644623292121672],[139.440604442488251,35.644618249873858],[139.440957746106619,35.643817180322849],[139.440993466704299,35.643587025924781],[139.441057442050976,35.643285277405276],[139.44106636910351,35.643117746159781],[139.441284487895899,35.643058069034481],[139.441334870871742,35.643013551870169],[139.441177068119401,35.642911179263542],[139.441110666969934,35.64289000667921],[139.441149646727752,35.642821134880855],[139.441155679584028,35.642810476110611],[139.441164132669712,35.642795537350366],[139.441240604574119,35.642738099499745],[139.441280256149582,35.642691160947862],[139.441324265783777,35.642620705602901],[139.441327330694776,35.642615795033734],[139.441330404365772,35.642609780345531],[139.440998326507753,35.6425043512928],[139.440631248067888,35.642387585498938],[139.440593090277332,35.642375448835843],[139.440600635349739,35.642363040040813],[139.440476685096769,35.642332626558321],[139.440201665052115,35.642579324604881],[139.439523833516489,35.642487718195994],[139.439690611587395,35.64221035327089],[139.439751221460142,35.642209037505047],[139.439854944445216,35.642026954274961],[139.439875017983269,35.641991831139514],[139.439810011285232,35.641962775994131],[139.439540382278153,35.641865542349748],[139.439522501824456,35.641906545421861],[139.439492525927989,35.642002745010004],[139.439457963839089,35.64218146232264],[139.439394283462661,35.642280967742288],[139.439135861152636,35.642572432523963],[139.438955525785644,35.642834224451441],[139.438882053292076,35.642952005985315],[139.439118597747694,35.643057669087788],[139.439154963178709,35.64309211712542],[139.43900521892175,35.64329066606183],[139.438873935061991,35.643357205464838],[139.438575877423375,35.643208069329944],[139.438521010377684,35.643304470024667],[139.438421481312531,35.64341382138263],[139.438326205934032,35.643438157313994],[139.438250049544592,35.643250172112701],[139.43820184756504,35.64324596355759],[139.438169478204685,35.643039353344612],[139.438142336850149,35.64286603430736],[139.438075202126726,35.64268592857843],[139.437931267404394,35.642343820406971],[139.437730417179637,35.641866354533384],[139.437627670195212,35.641622156679816],[139.437400512202032,35.641083727319241],[139.437160597725381,35.640482583972315],[139.437136180938467,35.640395959487805],[139.43709703462568,35.640147532646189],[139.436355960778513,35.640150555806237],[139.436311642025714,35.640216110398143],[139.436049600219064,35.640148667113635],[139.436068468921547,35.640040107944536],[139.435891112778904,35.63999583024767],[139.435875560975774,35.639896065767651],[139.43573497301017,35.639856519687598],[139.435750650860768,35.639817629080369],[139.435745009346533,35.639815850023979],[139.43559448900794,35.640135549808406],[139.435899857929883,35.640355206524582],[139.436130558051218,35.640429390843131],[139.4360779493704,35.640637762401354],[139.436054000079196,35.640732614955276],[139.435974482944573,35.64097239333681],[139.435861747761834,35.641439743856672],[139.435221904201256,35.641371371751475],[139.435162912736303,35.641803021094923],[139.435251747954936,35.64203302204087],[139.435197268933535,35.642546195984188],[139.435443763577894,35.642636089801108],[139.435883502899429,35.642751404743088],[139.435807325875913,35.642882379764671],[139.435578872616475,35.642842967817323],[139.43530499166144,35.643229862133538],[139.435566138978174,35.643314274976973],[139.435347093960331,35.64365571961411],[139.43522297171296,35.643607812763598],[139.434921522117634,35.643491507220347],[139.434551919035954,35.643644540915389],[139.434424026222644,35.643809215796317],[139.434365801133112,35.643998730580144],[139.434171835064063,35.644170195458607],[139.434248079282668,35.644547330226651],[139.43430540487023,35.644564136491248],[139.434376209396191,35.644619460697861],[139.434566066391909,35.64463252951478],[139.434752184397297,35.644733195180379],[139.434819651501613,35.644711785498998],[139.434867319624203,35.644674085461318],[139.434983142204516,35.644652428156768],[139.434999953498476,35.64464928505852],[139.435372338620851,35.644599135242075],[139.435382614024235,35.644596856286554],[139.435361861953965,35.644373759913151],[139.435322073980871,35.644046885685199],[139.435646038167278,35.644068234454984],[139.435656353848174,35.644110168288833],[139.43635968729734,35.644428416042039],[139.436409474109837,35.644584348177908],[139.436738189010043,35.644464975606944],[139.436904748536762,35.644357286976778],[139.43716966410355,35.644037469567472],[139.437309541014741,35.643925609630891],[139.437385757933356,35.643941569092732],[139.437515383723593,35.643968712652992],[139.43763030412606,35.643939795218586],[139.437683471073939,35.643899971552436],[139.437844505056262,35.643923807513396],[139.437916423962434,35.643947459686679],[139.438112334047673,35.64386106246625],[139.438107645686785,35.643893262694327],[139.438078972463046,35.644180161875354],[139.438077766209119,35.644258958406816],[139.438043624133996,35.644849906558932],[139.437155314261673,35.645039590398078],[139.43728307049156,35.645548153662922],[139.437314364750449,35.645568881410298],[139.437346780808298,35.64571069844434],[139.437387535590545,35.645733418488163],[139.437379699323543,35.645753172297091],[139.437403381291773,35.64587763647738],[139.437268660085124,35.64587719455541],[139.436695757077388,35.645730547967126],[139.436692714490022,35.645729766661887],[139.436651362209602,35.645764555892036],[139.436638559869635,35.645823558552323],[139.436504701805546,35.646060888536503],[139.436208912426707,35.646585171960645],[139.436349946116849,35.646772809123796],[139.43642726796071,35.646820561044834],[139.436437032107932,35.646826580970668],[139.436709435683866,35.646948701675306],[139.436762161462042,35.646893629529075],[139.436786985670693,35.64687153018798],[139.437090242431594,35.646887595238653],[139.437235682802964,35.646907650208476],[139.437239545027182,35.646929457583504],[139.437253769508175,35.64702756391025],[139.437305941895374,35.647111178947675],[139.437493946874611,35.647055250261182],[139.437695083896529,35.647345120082399],[139.437798414678696,35.647559709516834],[139.437883612632305,35.647646675823594],[139.437774879600454,35.647889193623264],[139.438093978861986,35.648244519647363],[139.437999920776946,35.64850226046606],[139.438256727408429,35.648429973343056],[139.439084431397816,35.648404760992435],[139.439257892839436,35.648297655347591],[139.439755362299536,35.647978240354242],[139.439863416136717,35.647908629782165],[139.440152568656657,35.647722327492701],[139.440710851899098,35.647367895148534],[139.441036174445429,35.647202554725148]]]]}},
{"type":"Feature","properties":{"KEY_CODE":"13224009201","PREF":"13","CITY":"224","S_AREA":"009201","PREF_NAME":"東京都","CITY_NAME":"多摩市","S_NAME":"東寺方一丁目","KIGO_E":null,"HCODE":8101,"AREA":131280.266,"PERIMETER":1910.101,"R2KAxx":5132,"R2KAxx_ID":5131,"KIHON1":"0092","DUMMY1":"-","KIHON2":"01","KEYCODE1":"224009201","KEYCODE2":"224009201","AREA_MAX_F":"M","KIGO_D":null,"N_KEN":null,"N_CITY":null,"KIGO_I":null,"KBSUM":19,"JINKO":1170,"SETAI":553,"X_CODE":139.443458,"Y_CODE":35.648102,"KCODE1":"0092-01","visited":0},"geometry":{"type":"MultiPolygon","coordinates":[[[[139.446347617858436,35.648769743622431],[139.446357760293353,35.648500951491535],[139.446374623897213,35.648305027118603],[139.446441562802221,35.647931173863761],[139.446492723346921,35.647832927086149],[139.446603395909477,35.647452172781044],[139.446569099090169,35.647443648078841],[139.446164912264948,35.647354292875697],[139.445635127615532,35.647235306371876],[139.445142437505666,35.647124925341451],[139.444956846595574,35.647075632595296],[139.444887624609322,35.647073403340556],[139.44452171770692,35.64698948075813],[139.443987729592521,35.646883785028898],[139.443631207777258,35.646813376960303],[139.44356923619938,35.646801136451202],[139.442622963197152,35.646729660651907],[139.44257730029085,35.646726203434156],[139.442084032676831,35.646797876125362],[139.442076789809818,35.646858941889739],[139.441654829631602,35.646957286413262],[139.441335032050546,35.647050644196447],[139.441036174445429,35.647202554725148],[139.440710851899098,35.647367895148534],[139.440152568656657,35.647722327492701],[139.439863416136717,35.647908629782165],[139.439755362299536,35.647978240354242],[139.439257892839436,35.648297655347591],[139.439084431397816,35.648404760992435],[139.438482742001952,35.648776295685593],[139.439673446496556,35.648918524658249],[139.439757255483869,35.648928516021165],[139.439863591224878,35.648699507826549],[139.439931179489179,35.648639343329755],[139.439987858340771,35.648516858573245],[139.440270553214788,35.648495809373188],[139.440450950036904,35.648408021054358],[139.440606158387453,35.648363493442105],[139.4406872842018,35.648340201788777],[139.440894606329152,35.648321299960571],[139.441031442357286,35.648328787550724],[139.441240346998171,35.648374394259044],[139.441449089219589,35.648400458756576],[139.44163824702423,35.648435155524524],[139.441794105981302,35.648478265740842],[139.441911433749794,35.648426360819329],[139.442045413301514,35.648462356138374],[139.442301777321632,35.648462272070603],[139.44242276502456,35.648473332757213],[139.442613084882964,35.648561938824741],[139.442889399950246,35.648539736079357],[139.44296056527719,35.648541937615214],[139.443054632401527,35.648544812878995],[139.443241442710246,35.648565979076501],[139.443234564013466,35.648889358451413],[139.443276591386876,35.649143918662638],[139.443323349146453,35.649331175535394],[139.443320614311347,35.649423237687415],[139.443824497693015,35.649486307012864],[139.444106098071899,35.649521792769569],[139.445384818330638,35.649558411462799],[139.445789432094784,35.649562177620673],[139.446415165688876,35.649592566025845],[139.446374969640857,35.649331815633481],[139.446376060137879,35.649231330295962],[139.446367828763186,35.648809562691739],[139.446347617858436,35.648769743622431]]]]}},
{"type":"Feature","properties":{"KEY_CODE":"13224009203","PREF":"13","CITY":"224","S_AREA":"009203","PREF_NAME":"東京都","CITY_NAME":"多摩市","S_NAME":"東寺方三丁目","KIGO_E":"E2","HCODE":8101,"AREA":1922.732,"PERIMETER":203.369,"R2KAxx":5133,"R2KAxx_ID":5132,"KIHON1":"0092","DUMMY1":"-","KIHON2":"03","KEYCODE1":"224009203","KEYCODE2":"224009203","AREA_MAX_F":null,"KIGO_D":null,"N_KEN":null,"N_CITY":null,"KIGO_I":null,"KBSUM":0,"JINKO":0,"SETAI":0,"X_CODE":139.438876,"Y_CODE":35.636484,"KCODE1":"0092-03","visited":0},"geometry":{"type":"MultiPolygon","coordinates":[[[[139.439171246893721,35.636533839388399],[139.438812995149448,35.636167617742018],[139.438505417102419,35.636407514362048],[139.438544011525295,35.636435280003496],[139.438671373511369,35.636435696620666],[139.438713082506069,35.636479281407631],[139.438797717762043,35.6366520139903],[139.438977170623417,35.636865301155503],[139.439001399864537,35.636770913257088],[139.439171246893721,35.636533839388399]]]]}},
{"type":"Feature","properties":{"KEY_CODE":"13224009203","PREF":"13","CITY":"224","S_AREA":"009203","PREF_NAME":"東京都","CITY_NAME":"多摩市","S_NAME":"東寺方三丁目","KIGO_E":"E1","HCODE":8101,"AREA":23047.025,"PERIMETER":682.759,"R2KAxx":5134,"R2KAxx_ID":5133,"KIHON1":"0092","DUMMY1":"-","KIHON2":"03","KEYCODE1":"224009203","KEYCODE2":"224009203","AREA_MAX_F":"M","KIGO_D":null,"N_KEN":null,"N_CITY":null,"KIGO_I":null,"KBSUM":6,"JINKO":333,"SETAI":183,"X_CODE":139.436934,"Y_CODE":35.636255,"KCODE1":"0092-03","visited":0},"geometry":{"type":"MultiPolygon","coordinates":[[[[139.436858228237497,35.637262492701005],[139.437070156592597,35.637021369868044],[139.437209505472026,35.636594419199945],[139.437237544186416,35.636593490700371],[139.437622180109202,35.636637567267726],[139.437729673130974,35.636442718110317],[139.437814453782892,35.636305538578092],[139.438014447820734,35.63597335958886],[139.438174269353368,35.635723262636184],[139.437362748125054,35.635607052662223],[139.43627703029486,35.635477928077748],[139.436231227991101,35.635782409673055],[139.436209570761605,35.636001552690992],[139.436188975323773,35.63610176073994],[139.436148182387996,35.636309291533706],[139.436159033547113,35.636452101908205],[139.436040463689949,35.63708027084688],[139.436391890225934,35.63713329076873],[139.436835918877648,35.63705524726744],[139.436858228237497,35.637262492701005]]]]}},
{"type":"Feature","properties":{"KEY_CODE":"13224010001","PREF":"13","CITY":"224","S_AREA":"010001","PREF_NAME":"東京都","CITY_NAME":"多摩市","S_NAME":"一ノ宮一丁目","KIGO_E":null,"HCODE":8101,"AREA":195540.19,"PERIMETER":2416.248,"R2KAxx":5135,"R2KAxx_ID":5134,"KIHON1":"0100","DUMMY1":"-","KIHON2":"01","KEYCODE1":"224010001","KEYCODE2":"224010001","AREA_MAX_F":"M","KIGO_D":null,"N_KEN":null,"N_CITY":null,"KIGO_I":null,"KBSUM":30,"JINKO":2076,"SETAI":1316,"X_CODE":139.440424,"Y_CODE":35.653483,"KCODE1":"0100-01","visited":0},"geometry":{"type":"MultiPolygon","coordinates":[[[[139.44102543181603,35.656118642260623],[139.441357003378272,35.655908675606611],[139.44165715547004,35.65573635055604],[139.441912657290146,35.655581236383803],[139.441993520112334,35.655551185205113],[139.442508706644702,35.655285967339289],[139.442919847444813,35.655088577050968],[139.442990280336829,35.655038137497861],[139.442678160178303,35.65478118868014],[139.442511603386123,35.654726636040856],[139.442276047408853,35.654675416569141],[139.441894271087506,35.654628439884874],[139.441604803033783,35.654627957055503],[139.441410108288011,35.654593170753365],[139.441490245761628,35.654587797804652],[139.441615355566995,35.654551763147111],[139.441818615645531,35.654457851231847],[139.441973242276163,35.654384942009351],[139.442141836599205,35.65427774636634],[139.442343332014275,35.654117462121533],[139.442403286236271,35.654069768807346],[139.442771632850764,35.653774144643663],[139.443064848634691,35.653464651200757],[139.443304391394946,35.653289063339756],[139.443439273074546,35.653203762690616],[139.443322598741531,35.653048990678144],[139.443266559193944,35.652987403857502],[139.442976435160375,35.652733062597179],[139.44279584798727,35.65268131678544],[139.442622479881095,35.652670826393248],[139.442433824026551,35.652672715165892],[139.441575341159165,35.652781647532002],[139.441377195946473,35.652835894004035],[139.441693967271561,35.652659362821069],[139.441707280983366,35.652583212526729],[139.441660507867738,35.652488065082053],[139.441672710194894,35.652171534202473],[139.441658567920371,35.652090435773317],[139.441825938313229,35.651933240479465],[139.441914775277894,35.65180688168784],[139.442183911937974,35.651578258493601],[139.442279566124512,35.651512514486541],[139.44248957879995,35.65140379981149],[139.442530096650302,35.651339356182419],[139.442643210825395,35.651223214180362],[139.442768908244204,35.651153977369724],[139.442896892825871,35.651058094143465],[139.44300753985371,35.65095218976758],[139.443086994467222,35.650785059314146],[139.442815220573209,35.650838789497101],[139.442718252794378,35.650855094327817],[139.44196630141073,35.650980818827115],[139.441524118168502,35.651054766972024],[139.440249724630718,35.651266488132592],[139.440039299497244,35.651301011443216],[139.439750901999076,35.651348342603768],[139.43886179171156,35.651494232279212],[139.438738230147607,35.651514390839843],[139.438524738781666,35.651549218300751],[139.438313104234282,35.651583769233298],[139.438139374261311,35.651612142641746],[139.437479168496907,35.65171986555309],[139.437483465652235,35.651758081987118],[139.437519805662788,35.651981887369452],[139.437485208391394,35.652043214399058],[139.437581713115236,35.652138596941981],[139.43767355332767,35.652209176073214],[139.437723681561295,35.652471264227813],[139.437758894544373,35.652687742296095],[139.438061823173882,35.652765211154865],[139.438109172272846,35.652830083727146],[139.438129427295877,35.652877998235759],[139.438142483116366,35.65291613719922],[139.43822438809255,35.652980769280525],[139.438249679402958,35.653048454476213],[139.4382666679831,35.65309392990126],[139.43835770696532,35.653213518153436],[139.438462673178833,35.653413537195433],[139.438471214240707,35.65344856239053],[139.43846390161994,35.653619656390809],[139.438446764757714,35.653674210285224],[139.438411316127684,35.653733070160712],[139.43840130507914,35.653742368442074],[139.438373976386202,35.653755587553277],[139.438349357498907,35.653761668546899],[139.438347728072245,35.653768284806084],[139.438324389118094,35.653864574698893],[139.438330286296207,35.653946175142387],[139.438324574353828,35.654002279919411],[139.438341146987966,35.654097083727187],[139.438346645385991,35.65433835768512],[139.438400498265878,35.654484407396367],[139.438450712542164,35.654738784435835],[139.438649516902075,35.6547358800713],[139.438669784272093,35.65491280408412],[139.43878009776077,35.655069883065323],[139.438783809611749,35.655183517577527],[139.438772936403041,35.655280341833254],[139.438910621498025,35.655345684325148],[139.439024118300722,35.655399539071347],[139.439065239492095,35.655514546465263],[139.439090930372203,35.655586405210101],[139.439038760211332,35.655860118697369],[139.439034558881417,35.655882154937657],[139.439202735062167,35.655993439725776],[139.439272141678799,35.655959759906082],[139.4393047902891,35.655961734423641],[139.439329698313884,35.655967448296181],[139.439636315556413,35.65599925825294],[139.440041949605103,35.656047270704221],[139.440204106981298,35.656049174658968],[139.440324307737512,35.656056043101941],[139.44063303016884,35.656460094631882],[139.440716512054053,35.65637987648585],[139.440729866245022,35.656322457975975],[139.440829789240667,35.656253553221838],[139.44102543181603,35.656118642260623]]]]}},
{"type":"Feature","properties":{"KEY_CODE":"13224010002","PREF":"13","CITY":"224","S_AREA":"010002","PREF_NAME":"東京都","CITY_NAME":"多摩市","S_NAME":"一ノ宮二丁目","KIGO_E":null,"HCODE":8101,"AREA":125939.003,"PERIMETER":2198.467,"R2KAxx":5136,"R2KAxx_ID":5135,"KIHON1":"0100","DUMMY1":"-","KIHON2":"02","KEYCODE1":"224010002","KEYCODE2":"224010002","AREA_MAX_F":"M","KIGO_D":null,"N_KEN":null,"N_CITY":null,"KIGO_I":null,"KBSUM":20,"JINKO":1571,"SETAI":916,"X_CODE":139.443969,"Y_CODE":35.652599,"KCODE1":"0100-02","visited":0},"geometry":{"type":"MultiPolygon","coordinates":[[[[139.444019526492781,35.654637966988048],[139.444528612793277,35.65439057178358],[139.444707524162965,35.654308300068841],[139.44525152504886,35.654092985733818],[139.445660745356889,35.653960716888903],[139.44662933107503,35.653743664394682],[139.44662289331788,35.653727550736043],[139.446552345762967,35.653551418133631],[139.446004985305336,35.653427907090865],[139.445675967242323,35.653337064193387],[139.445327324922943,35.653254711523871],[139.445291097792108,35.653136678896459],[139.445285580905704,35.653101414625866],[139.445261470246152,35.652947296710096],[139.445087225164229,35.652779419335701],[139.444870077077127,35.652740833853478],[139.445206423959604,35.652555658859178],[139.445188577213827,35.652232376793641],[139.445173024526071,35.651978640616335],[139.445152664668683,35.651862805167156],[139.445300938421241,35.651558507725092],[139.445334153733768,35.651416649282453],[139.445335737142187,35.651178567205548],[139.445416686360858,35.650959788921462],[139.445490476736808,35.650875029077682],[139.445761965418569,35.650852771520732],[139.445892122837506,35.650824175414257],[139.446241662987717,35.650843641796442],[139.446406605768431,35.650865157296728],[139.446434109685953,35.650860421279965],[139.4464559711476,35.650701307902501],[139.446495809092625,35.650411203388877],[139.446528673102932,35.650233393169316],[139.446525808782411,35.650218948559562],[139.445736147140281,35.65034887168904],[139.445597844736625,35.650367439720107],[139.445111398512239,35.650451891737987],[139.444937496533839,35.650482070290217],[139.443804480018315,35.650667068629431],[139.443584675886342,35.650706040134601],[139.443261292675828,35.650763336181974],[139.443086994467222,35.650785059314146],[139.44300753985371,35.65095218976758],[139.442896892825871,35.651058094143465],[139.442768908244204,35.651153977369724],[139.442643210825395,35.651223214180362],[139.442530096650302,35.651339356182419],[139.44248957879995,35.65140379981149],[139.442279566124512,35.651512514486541],[139.442183911937974,35.651578258493601],[139.441914775277894,35.65180688168784],[139.441825938313229,35.651933240479465],[139.441658567920371,35.652090435773317],[139.441672710194894,35.652171534202473],[139.441660507867766,35.652488065082046],[139.441707280983366,35.652583212526736],[139.441693967271561,35.652659362821069],[139.441377195946473,35.652835894004035],[139.441575341159165,35.652781647532002],[139.442433824026551,35.652672715165892],[139.442622479881095,35.652670826393248],[139.44279584798727,35.65268131678544],[139.442976435160375,35.652733062597179],[139.443266559193944,35.652987403857502],[139.443322598741531,35.653048990678144],[139.443439273074546,35.653203762690616],[139.443304391394946,35.653289063339756],[139.443064848634691,35.653464651200757],[139.442771632850764,35.653774144643663],[139.442403286236271,35.654069768807346],[139.442343332014275,35.654117462121533],[139.442141836599205,35.65427774636634],[139.441973242276077,35.654384942009351],[139.441818615645531,35.654457851231847],[139.441615355566995,35.654551763147111],[139.441490245761628,35.654587797804652],[139.441410108288011,35.654593170753365],[139.441604803033783,35.654627957055503],[139.441894271087506,35.654628439884874],[139.442276047408853,35.654675416569141],[139.442511603386123,35.654726636040856],[139.442678160178303,35.65478118868014],[139.442990280336829,35.655038137497861],[139.44325572389377,35.655011217714375],[139.443389527072981,35.654961863813654],[139.443572392479837,35.654839186557751],[139.443851557275821,35.654713545228638],[139.444019526492781,35.654637966988048]]]]}},
{"type":"Feature","properties":{"KEY_CODE":"13224010003","PREF":"13","CITY":"224","S_AREA":"010003","PREF_NAME":"東京都","CITY_NAME":"多摩市","S_NAME":"一ノ宮三丁目","KIGO_E":null,"HCODE":8101,"AREA":44336.139,"PERIMETER":1090.712,"R2KAxx":5137,"R2KAxx_ID":5136,"KIHON1":"0100","DUMMY1":"-","KIHON2":"03","KEYCODE1":"224010003","KEYCODE2":"224010003","AREA_MAX_F":"M","KIGO_D":null,"N_KEN":null,"N_CITY":null,"KIGO_I":null,"KBSUM":10,"JINKO":871,"SETAI":476,"X_CODE":139.444158,"Y_CODE":35.649921,"KCODE1":"0100-03","visited":0},"geometry":{"type":"MultiPolygon","coordinates":[[[[139.443054632401527,35.648544812878995],[139.44296056527719,35.648541937615214],[139.442919623626551,35.648649053641229],[139.442872154642515,35.648723932253759],[139.442685404151348,35.648849660228628],[139.442552861528242,35.648890249519617],[139.442566339244905,35.649019406876562],[139.442582481036141,35.649309480835761],[139.442579256371459,35.649325138119131],[139.442609104609744,35.649617686490224],[139.442644583651656,35.649905851890118],[139.442666043056903,35.650202737962999],[139.442698598323062,35.650497582609752],[139.442739641201939,35.650617709952435],[139.442815220573209,35.650838789497101],[139.443086994467222,35.650785059314146],[139.443261292675828,35.650763336181974],[139.443584675886342,35.650706040134601],[139.443804480018315,35.650667068629431],[139.444937496533868,35.650482070290209],[139.445111398512239,35.650451891737987],[139.445597844736625,35.650367439720107],[139.445736147140281,35.65034887168904],[139.446525808782411,35.650218948559562],[139.446478027051256,35.649939124171041],[139.446450150998999,35.649861011711003],[139.446415165688876,35.649592566025845],[139.445789432094784,35.649562177620673],[139.445384818330638,35.649558411462799],[139.444106098071899,35.649521792769569],[139.443824497693015,35.649486307012864],[139.443320614311347,35.649423237687415],[139.443323349146453,35.649331175535394],[139.443276591386876,35.649143918662638],[139.443234564013466,35.648889358451413],[139.443241442710246,35.648565979076501],[139.443054632401527,35.648544812878995]]]]}},
{"type":"Feature","properties":{"KEY_CODE":"13224010004","PREF":"13","CITY":"224","S_AREA":"010004","PREF_NAME":"東京都","CITY_NAME":"多摩市","S_NAME":"一ノ宮四丁目","KIGO_E":null,"HCODE":8101,"AREA":136352.846,"PERIMETER":1723.394,"R2KAxx":5138,"R2KAxx_ID":5137,"KIHON1":"0100","DUMMY1":"-","KIHON2":"04","KEYCODE1":"224010004","KEYCODE2":"224010004","AREA_MAX_F":"M","KIGO_D":null,"N_KEN":null,"N_CITY":null,"KIGO_I":null,"KBSUM":32,"JINKO":1939,"SETAI":1011,"X_CODE":139.440078,"Y_CODE":35.649957,"KCODE1":"0100-04","visited":0},"geometry":{"type":"MultiPolygon","coordinates":[[[[139.442644583651656,35.649905851890118],[139.442609104609744,35.649617686490224],[139.442579256371459,35.649325138119131],[139.442582481036141,35.649309480835761],[139.442566339244905,35.649019406876562],[139.442552861528242,35.648890249519617],[139.442685404151348,35.648849660228628],[139.442872154642515,35.648723932253759],[139.442919623626551,35.648649053641229],[139.44296056527719,35.648541937615214],[139.442889399950246,35.648539736079357],[139.442613084882964,35.648561938824741],[139.44242276502456,35.648473332757213],[139.442301777321632,35.648462272070603],[139.442045413301514,35.648462356138374],[139.441911433749794,35.648426360819329],[139.441794105981302,35.648478265740842],[139.44163824702423,35.648435155524524],[139.441449089219589,35.648400458756576],[139.441240346998171,35.648374394259044],[139.441031442357286,35.648328787550724],[139.440894606329152,35.648321299960571],[139.4406872842018,35.648340201788777],[139.440606158387453,35.648363493442105],[139.440450950036904,35.648408021054358],[139.440270553214788,35.648495809373188],[139.439987858340771,35.648516858573245],[139.439931179489179,35.648639343329755],[139.439863591224878,35.648699507826549],[139.439757255483869,35.648928516021165],[139.439673446496556,35.648918524658249],[139.438482742001952,35.648776295685593],[139.438278307367995,35.648882872298778],[139.437999000625609,35.649003853054914],[139.437671272373876,35.649085838166997],[139.437391002041693,35.649148400746],[139.437091021198682,35.649201744813737],[139.437198120214163,35.649605598102539],[139.437321624819504,35.65002499626253],[139.437396428927372,35.649962885173807],[139.437560236322241,35.649838147829492],[139.437590663782657,35.649826277552201],[139.437873459131055,35.649899066284398],[139.437866241513774,35.650146705918985],[139.43791752133032,35.650201589709177],[139.43798898422574,35.650344845176804],[139.437941570308567,35.650468592069245],[139.437901978491936,35.650501664825761],[139.437847309204756,35.650565778133249],[139.437818666261649,35.650626878899651],[139.437630974879085,35.650827415113397],[139.437584207812733,35.650907187245352],[139.43744357221604,35.651205408022619],[139.437420022247494,35.651327050593615],[139.437479168496907,35.65171986555309],[139.438139374261311,35.651612142641746],[139.438313104234282,35.651583769233298],[139.438524738781666,35.651549218300751],[139.438738230147607,35.651514390839843],[139.43886179171156,35.651494232279212],[139.439750901999076,35.651348342603768],[139.440039299497244,35.651301011443216],[139.440249724630718,35.651266488132592],[139.441524118168502,35.651054766972024],[139.44196630141073,35.650980818827115],[139.442718252794378,35.650855094327817],[139.442815220573209,35.650838789497101],[139.442739641201939,35.650617709952435],[139.442698598323062,35.650497582609752],[139.442666043056903,35.650202737962999],[139.442644583651656,35.649905851890118]]]]}},
{"type":"Feature","properties":{"KEY_CODE":"13224011001","PREF":"13","CITY":"224","S_AREA":"011001","PREF_NAME":"東京都","CITY_NAME":"多摩市","S_NAME":"桜ケ丘一丁目","KIGO_E":null,"HCODE":8101,"AREA":322799.75,"PERIMETER":3864.036,"R2KAxx":5139,"R2KAxx_ID":5138,"KIHON1":"0110","DUMMY1":"-","KIHON2":"01","KEYCODE1":"224011001","KEYCODE2":"224011001","AREA_MAX_F":"M","KIGO_D":null,"N_KEN":null,"N_CITY":null,"KIGO_I":null,"KBSUM":25,"JINKO":1907,"SETAI":851,"X_CODE":139.447336,"Y_CODE":35.64428,"KCODE1":"0110-01","visited":0},"geometry":{"type":"MultiPolygon","coordinates":[[[[139.450754642200764,35.648202956561889],[139.450705147632505,35.647854788379227],[139.451039879754461,35.647792332330596],[139.451246482684496,35.647705914824037],[139.451391260419086,35.647676304342113],[139.451470946886019,35.647637051161013],[139.451447075317702,35.647595393387455],[139.45129426864284,35.647436429462083],[139.451268735753018,35.647155093436524],[139.451253202571309,35.646983889832107],[139.451051411922151,35.646975187640322],[139.450494996487038,35.647012502081047],[139.450522608403247,35.646803585037695],[139.450501967666526,35.646690883588938],[139.450353661092009,35.646610733650093],[139.450174343209795,35.64657523531249],[139.450009421489824,35.64649714246179],[139.449949041852136,35.646251362679706],[139.44975537320957,35.64625849271124],[139.449623801983307,35.645746547237472],[139.450097518168775,35.645618976782259],[139.449994651636302,35.645490449747605],[139.449888512972024,35.645534714627651],[139.449822037820695,35.64540848152248],[139.449756046544394,35.645353288274258],[139.449607858196231,35.64539878622152],[139.44958034714108,35.645378868968351],[139.449553038935477,35.645316587360675],[139.449507053518062,35.645317045010842],[139.449505750486111,35.645122854306258],[139.449802931319994,35.645081759265764],[139.449980270154441,35.645043134961796],[139.450200170257716,35.644953134452969],[139.450127039649288,35.644875616643084],[139.450042464706883,35.644809788626439],[139.45004470336724,35.64480166127121],[139.450114945137841,35.644653160147911],[139.450125880597938,35.644603127676156],[139.450121295285356,35.644542587512099],[139.450114528444146,35.644514363219315],[139.450095399371747,35.644473459947477],[139.450080611326598,35.644444858581352],[139.450063065033476,35.644424944065719],[139.450038814849108,35.644408671092009],[139.450010186148489,35.644396854124544],[139.449979306591246,35.644386826829617],[139.449891076110958,35.644364012157432],[139.449731157142963,35.644322942070133],[139.449763718363727,35.644206784113138],[139.449778481602323,35.644122997410015],[139.449738107573637,35.644023719145316],[139.449714021451825,35.643982166320143],[139.449682154661559,35.643944214198129],[139.449600837973435,35.643864629031448],[139.449553524424118,35.643827543144454],[139.449531496083267,35.643815748262455],[139.449481879457636,35.643800274162508],[139.449464290179407,35.643789409949846],[139.449446678141953,35.643774001993272],[139.449419232082846,35.643740570687079],[139.44939086772942,35.643664780037021],[139.449375860557439,35.643573680608711],[139.449242085878609,35.643378582484594],[139.449092464726959,35.643169137552455],[139.448939565465992,35.643158122428424],[139.448475115457939,35.643083193487499],[139.44856096799279,35.642863548790004],[139.448647360230211,35.642603450086696],[139.448513789513129,35.642455919728562],[139.448395964155367,35.642371568954005],[139.448194918584022,35.642308853563783],[139.448527374573075,35.641844199350501],[139.448815272895359,35.641613050926424],[139.448823024676841,35.641444389302897],[139.448993522273469,35.641311066134207],[139.448716026647503,35.641045334811778],[139.4488210993579,35.641026763110901],[139.448696370667676,35.640772329380326],[139.448778389415111,35.640722205228016],[139.448759459352289,35.640658063044519],[139.448504689875847,35.640637285599169],[139.448349559083709,35.640732315162111],[139.448163209082537,35.640853120424332],[139.448156604591361,35.640840428311655],[139.447999508334789,35.640911178609635],[139.448256790907266,35.641257735805119],[139.448160853880069,35.641335341770095],[139.447766120994459,35.641654523275271],[139.446819824038471,35.641089723850584],[139.446942422556845,35.640934244063189],[139.4470660180734,35.640777500349749],[139.447087692145061,35.640754103794663],[139.446796845324485,35.640721647416193],[139.44676985017179,35.640717466727537],[139.446817866331571,35.640439222104753],[139.446896734461518,35.640371450286509],[139.447149922394317,35.640389268467111],[139.447182608262295,35.640256563060809],[139.447019882329784,35.640092493091935],[139.446971179382587,35.639887559798431],[139.44698690866602,35.639621355073345],[139.44639740642981,35.639552744759705],[139.446293844012132,35.639759126928411],[139.446242657922568,35.64007936895608],[139.446073644095151,35.640101325550049],[139.446107167879973,35.640269594112226],[139.446008728905468,35.640539897091607],[139.445899260601237,35.640744676609664],[139.445713456288246,35.64091277015325],[139.44550542808264,35.641144412741959],[139.445423585601333,35.6411750272934],[139.445064697063486,35.641393510880491],[139.445016548801362,35.641422825179845],[139.444685511702204,35.640984035416857],[139.444645556165085,35.640915566252808],[139.444737771165819,35.640871639040981],[139.444739521956024,35.640741546240925],[139.444640605314618,35.640637148482909],[139.444472020095276,35.64065068914725],[139.444357528192199,35.640735034694011],[139.444345144772683,35.640833897627274],[139.444369000959909,35.640912878942871],[139.444418015741462,35.640971836179787],[139.443987538221279,35.641943954672563],[139.44394312307611,35.642163976203456],[139.443944128102913,35.642508153132219],[139.444047280660584,35.643073808048243],[139.444182847093629,35.643279833336614],[139.444422927895573,35.643529608569935],[139.444740491027432,35.643777907541057],[139.44491051341663,35.643887535969021],[139.445209749204253,35.64405468729602],[139.445308029582179,35.644143272870714],[139.445322671765723,35.644164627167292],[139.445357455092136,35.644279213727692],[139.445353525587421,35.644290835619607],[139.4453294487042,35.644362046909023],[139.445287858359961,35.644442322233779],[139.445198928059511,35.644549088964467],[139.445092051044156,35.644612269663646],[139.445004061725228,35.644640851736582],[139.44489762679973,35.644652277440827],[139.444371110953881,35.644521151777241],[139.444179628833155,35.644566517516253],[139.444150617835135,35.644669729068269],[139.444177584636265,35.644721750522081],[139.444692768650924,35.644877486595455],[139.44518457029946,35.645122966383688],[139.445315378444064,35.645270458196485],[139.445247890181349,35.645355307819358],[139.44515108940999,35.645356615588867],[139.444945554313165,35.645212862115258],[139.444756184964575,35.645098561009213],[139.444603892198501,35.645112823434907],[139.444550206088053,35.645197788067406],[139.444615234696329,35.645299646795699],[139.444955344176719,35.645516648169732],[139.445081038654735,35.645632610830759],[139.44526763981662,35.645953866269153],[139.44541021373476,35.646049741865127],[139.445644840145889,35.646083523708889],[139.446432135402773,35.646158687969468],[139.446648444850496,35.646322754433207],[139.446770553062919,35.646503913348063],[139.446799457069915,35.646618930353412],[139.446822930856058,35.646724881243678],[139.446748519835609,35.646913119822337],[139.446583966505727,35.647437886689829],[139.446569099090169,35.647443648078841],[139.446603395909477,35.647452172781044],[139.446897238212216,35.647506350991293],[139.447309147534042,35.647595765984569],[139.447827791752189,35.647708724139846],[139.447964930381289,35.647751835689476],[139.448417044906193,35.647850036984273],[139.449049327944351,35.647995605293197],[139.449447758658494,35.648098981963308],[139.449597844554404,35.648122946425516],[139.449623222975873,35.648101829591297],[139.449875379480517,35.648151270843336],[139.450192738111355,35.648213495726992],[139.450299143260082,35.648234360265413],[139.450605474154116,35.648230862470015],[139.450754642200764,35.648202956561889]]]]}},
{"type":"Feature","properties":{"KEY_CODE":"13224011002","PREF":"13","CITY":"224","S_AREA":"011002","PREF_NAME":"東京都","CITY_NAME":"多摩市","S_NAME":"桜ケ丘二丁目","KIGO_E":null,"HCODE":8101,"AREA":190563.622,"PERIMETER":2803.922,"R2KAxx":5140,"R2KAxx_ID":5139,"KIHON1":"0110","DUMMY1":"-","KIHON2":"02","KEYCODE1":"224011002","KEYCODE2":"224011002","AREA_MAX_F":"M","KIGO_D":null,"N_KEN":null,"N_CITY":null,"KIGO_I":null,"KBSUM":20,"JINKO":1305,"SETAI":543,"X_CODE":139.443344,"Y_CODE":35.637894,"KCODE1":"0110-02","visited":0},"geometry":{"type":"MultiPolygon","coordinates":[[[[139.445899260601237,35.640744676609664],[139.446008728905468,35.640539897091607],[139.446107167879973,35.640269594112226],[139.446073644095151,35.640101325550049],[139.446080823352617,35.639873191204792],[139.446062867862906,35.639759864156588],[139.445901484706098,35.639487566405656],[139.44602947716794,35.639233270805853],[139.446070792027484,35.639055313308525],[139.446549163915307,35.63879636723631],[139.446352797337255,35.638561278863456],[139.446211395130888,35.63851959613185],[139.446109885518979,35.638515290678654],[139.44617289600086,35.638310114842199],[139.446347883771381,35.638246983822029],[139.446456352776323,35.638257012572424],[139.446716935899502,35.638376926720696],[139.44676165292779,35.63825383568787],[139.446942699027858,35.637988621873248],[139.446201209874488,35.637536302854073],[139.445968831749951,35.637363874583698],[139.445855407667693,35.637326117412471],[139.445852457915862,35.637579476514809],[139.44586529257711,35.638504929701128],[139.445530660095756,35.638490756859774],[139.445400125673871,35.638432169036903],[139.445066206879318,35.638359514247711],[139.444860520287961,35.638107951699922],[139.444722492330868,35.637895687019721],[139.444559980969871,35.637725030229845],[139.444709014758359,35.637382815781571],[139.444764214501419,35.637255690328004],[139.445104676895227,35.637301388306796],[139.445155879773836,35.637296969739253],[139.445274905170919,35.637049653244709],[139.445342934081054,35.636985121737318],[139.445391507033975,35.636795923455736],[139.44505443862883,35.636528407083425],[139.44438807333043,35.636439295649204],[139.44440024225301,35.636358389076236],[139.444515140681688,35.636100390771453],[139.444000394242551,35.635981976819139],[139.444069543186316,35.635836565856913],[139.44405674868355,35.635829259165526],[139.443952731471114,35.635780380842029],[139.443908030435153,35.635759374211993],[139.443835272800868,35.635735703422718],[139.443637455703794,35.635699895534827],[139.443595872209102,35.635695271216257],[139.443521022424477,35.635666987652193],[139.443374104081414,35.635644550559505],[139.443200579653336,35.635579328747362],[139.443138829627827,35.635556118110564],[139.443075689946198,35.635645496215652],[139.442808358581004,35.635524170429775],[139.442734113136851,35.635642984867488],[139.442683503102813,35.635627634515323],[139.442350071314792,35.635750526848732],[139.442275268615106,35.635549802242544],[139.442165110868359,35.635418078995151],[139.442094828383802,35.635475911414161],[139.441891918491791,35.635711367476546],[139.441533121428421,35.636081802295664],[139.441033485206191,35.636129296645734],[139.440580897995773,35.636327391205491],[139.44053955847761,35.636243669027024],[139.440415110104937,35.636256044876305],[139.440051515940837,35.636327462163166],[139.439216368876515,35.636470856343962],[139.439171246893721,35.636533839388399],[139.439001399864537,35.636770913257088],[139.438977170623417,35.636865301155503],[139.438866181980359,35.637298191221269],[139.438855948089042,35.637458748264599],[139.439363320547187,35.637550753377738],[139.439981441884186,35.637680474679094],[139.440329076915503,35.637945291230501],[139.440934894194953,35.637460526751482],[139.441017392255986,35.637463013187435],[139.441388348575117,35.637615795489786],[139.441444778398022,35.637657173864888],[139.442027769880099,35.638084255526017],[139.442061497575367,35.638111018471577],[139.443071602740503,35.638880870300774],[139.443739886628606,35.639752141554851],[139.444401092185245,35.640627610175365],[139.444472020095276,35.64065068914725],[139.444640605314618,35.640637148482909],[139.444739521956024,35.640741546240925],[139.444737771165819,35.640871639040981],[139.444645556165085,35.640915566252808],[139.444685511702204,35.640984035416857],[139.445016548801362,35.641422825179845],[139.445064697063486,35.641393510880491],[139.445423585601333,35.6411750272934],[139.44550542808264,35.641144412741959],[139.445713456288246,35.64091277015325],[139.445899260601237,35.640744676609664]]]]}},
{"type":"Feature","properties":{"KEY_CODE":"13224011003","PREF":"13","CITY":"224","S_AREA":"011003","PREF_NAME":"東京都","CITY_NAME":"多摩市","S_NAME":"桜ケ丘三丁目","KIGO_E":null,"HCODE":8101,"AREA":164562.418,"PERIMETER":2126.77,"R2KAxx":5141,"R2KAxx_ID":5140,"KIHON1":"0110","DUMMY1":"-","KIHON2":"03","KEYCODE1":"224011003","KEYCODE2":"224011003","AREA_MAX_F":"M","KIGO_D":null,"N_KEN":null,"N_CITY":null,"KIGO_I":null,"KBSUM":17,"JINKO":1110,"SETAI":450,"X_CODE":139.440841,"Y_CODE":35.639698,"KCODE1":"0110-03","visited":0},"geometry":{"type":"MultiPolygon","coordinates":[[[[139.440201665052115,35.642579324604881],[139.440476685096769,35.642332626558321],[139.440600635349739,35.642363040040813],[139.44083149714271,35.641983343830034],[139.440916894171295,35.641815221727697],[139.440926086973661,35.641796054197492],[139.44092464969188,35.641688847083813],[139.440924318594142,35.641664338003729],[139.440921137986976,35.641375761867749],[139.440927087401462,35.640971356994179],[139.440927558870271,35.640939287100522],[139.440928195492916,35.640912725825387],[139.440963727368768,35.640913456427185],[139.441135762462267,35.640917006277178],[139.441250802442767,35.640875916554648],[139.441321742669174,35.640820260792196],[139.441380716751468,35.640727613781308],[139.441395815891127,35.640340047236201],[139.441398382788776,35.640275185417714],[139.441403795075558,35.640273011756406],[139.441617396871948,35.640187215987474],[139.441704861414081,35.640149090735548],[139.441812080674651,35.640126003444379],[139.441904780352814,35.640122699598265],[139.441977742019816,35.64012510382387],[139.442059397591379,35.640130410168084],[139.442208259095821,35.640172356301832],[139.442254088946783,35.640197080498041],[139.442295658531265,35.64021951050799],[139.442341513519096,35.640244897130323],[139.442428387590923,35.640318188720215],[139.442492425147663,35.640399508865599],[139.442645609299376,35.640581958651239],[139.442729004579036,35.640691664604887],[139.442771192308925,35.640757388143953],[139.442787587106722,35.640793778478098],[139.442804542100845,35.640849407096695],[139.442811110195265,35.64089657768352],[139.442813021118695,35.640921885172467],[139.442834103173055,35.640968975641357],[139.443445902821736,35.640977714057669],[139.443480285977614,35.640985183919248],[139.443641533491558,35.640919264466902],[139.443941110004289,35.640844143837711],[139.444257812984205,35.640857523869499],[139.444345144772683,35.640833897627274],[139.444357528192199,35.640735034694011],[139.444472020095276,35.64065068914725],[139.444401092185245,35.640627610175365],[139.443739886628606,35.639752141554851],[139.443071602740503,35.638880870300774],[139.442061497575367,35.638111018471577],[139.442027769880099,35.638084255526017],[139.441444778398022,35.637657173864888],[139.441388348575117,35.637615795489786],[139.441017392255986,35.637463013187435],[139.440934894194953,35.637460526751482],[139.440329076915503,35.637945291230501],[139.439981441884186,35.637680474679094],[139.439363320547187,35.637550753377738],[139.438855948089042,35.637458748264599],[139.438721022848,35.637882158970541],[139.438650415686084,35.638119451270136],[139.438611182848604,35.638721193917753],[139.438650125982576,35.638836209846467],[139.438851222035083,35.63900879587051],[139.43887574335065,35.639056760927105],[139.438880206277844,35.63935971735247],[139.438476132929623,35.639809464491556],[139.43868878348556,35.640325662090483],[139.438689070705806,35.640617902224427],[139.438576020601772,35.640880863559403],[139.438595702251945,35.640983599314744],[139.438671748424127,35.641044302711805],[139.438791135825312,35.641089267750708],[139.43897129488721,35.641125770859254],[139.43907146684603,35.641166202318871],[139.4392090448994,35.641310235403253],[139.439455219549302,35.641878827218996],[139.439492525927989,35.642002745010004],[139.439522501824456,35.641906545421861],[139.439540382278153,35.641865542349748],[139.439810011285232,35.641962775994131],[139.439875017983269,35.641991831139514],[139.439854944445216,35.642026954274961],[139.439751221460142,35.642209037505047],[139.439690611587395,35.64221035327089],[139.439523833516489,35.642487718195994],[139.440201665052115,35.642579324604881]]]]}},
{"type":"Feature","properties":{"KEY_CODE":"13224011004","PREF":"13","CITY":"224","S_AREA":"011004","PREF_NAME":"東京都","CITY_NAME":"多摩市","S_NAME":"桜ケ丘四丁目","KIGO_E":null,"HCODE":8101,"AREA":266795.679,"PERIMETER":3089.498,"R2KAxx":5142,"R2KAxx_ID":5141,"KIHON1":"0110","DUMMY1":"-","KIHON2":"04","KEYCODE1":"224011004","KEYCODE2":"224011004","AREA_MAX_F":"M","KIGO_D":null,"N_KEN":null,"N_CITY":null,"KIGO_I":null,"KBSUM":25,"JINKO":1503,"SETAI":703,"X_CODE":139.44284,"Y_CODE":35.644287,"KCODE1":"0110-04","visited":0},"geometry":{"type":"MultiPolygon","coordinates":[[[[139.446748519835609,35.646913119822337],[139.446822930856058,35.646724881243678],[139.446799457069915,35.646618930353412],[139.446770553062919,35.646503913348063],[139.446648444850496,35.646322754433207],[139.446432135402773,35.646158687969468],[139.445644840145889,35.646083523708889],[139.44541021373476,35.646049741865127],[139.44526763981662,35.645953866269153],[139.445081038654735,35.645632610830759],[139.444955344176719,35.645516648169732],[139.444615234696329,35.645299646795699],[139.444550206088053,35.645197788067406],[139.444603892198501,35.645112823434907],[139.444756184964575,35.645098561009213],[139.444945554313165,35.645212862115258],[139.44515108940999,35.645356615588867],[139.445247890181349,35.645355307819358],[139.445315378444064,35.645270458196485],[139.44518457029946,35.645122966383688],[139.444692768650924,35.644877486595455],[139.444177584636265,35.644721750522081],[139.444150617835135,35.644669729068269],[139.444179628833155,35.644566517516253],[139.444371110953881,35.644521151777241],[139.44489762679973,35.644652277440827],[139.4450040617252,35.644640851736582],[139.445092051044156,35.644612269663646],[139.445198928059511,35.644549088964467],[139.445287858359933,35.644442322233786],[139.4453294487042,35.644362046909023],[139.445353525587421,35.644290835619607],[139.445357455092136,35.644279213727692],[139.445322671765723,35.644164627167292],[139.445308029582179,35.644143272870714],[139.445209749204253,35.64405468729602],[139.44491051341663,35.643887535969021],[139.444740491027432,35.643777907541057],[139.444422927895573,35.643529608569935],[139.444182847093629,35.643279833336614],[139.444047280660584,35.643073808048243],[139.443944128102913,35.642508153132219],[139.44394312307611,35.642163976203456],[139.443987538221279,35.641943954672563],[139.444418015741462,35.640971836179787],[139.444369000959909,35.640912878942871],[139.444345144772683,35.640833897627274],[139.444257812984205,35.640857523869499],[139.443941110004289,35.640844143837711],[139.443641533491558,35.640919264466902],[139.443480285977614,35.640985183919248],[139.443445902821736,35.640977714057669],[139.442834103173055,35.640968975641357],[139.442813021118695,35.640921885172467],[139.442811110195265,35.64089657768352],[139.442804542100845,35.640849407096695],[139.442787587106722,35.640793778478098],[139.442771192308925,35.640757388143953],[139.442729004579036,35.640691664604887],[139.442645609299376,35.640581958651239],[139.442492425147663,35.640399508865599],[139.442428387590923,35.640318188720215],[139.442341513519096,35.640244897130323],[139.442295658531265,35.64021951050799],[139.442254088946783,35.640197080498041],[139.442208259095821,35.640172356301832],[139.442059397591379,35.640130410168084],[139.441977742019816,35.64012510382387],[139.441904780352814,35.640122699598265],[139.441812080674651,35.640126003444379],[139.441704861414081,35.640149090735548],[139.441617396871948,35.640187215987474],[139.441403795075558,35.640273011756406],[139.441398382788776,35.640275185417714],[139.441395815891127,35.640340047236201],[139.441380716751468,35.640727613781308],[139.441321742669174,35.640820260792196],[139.441250802442767,35.640875916554648],[139.441135762462267,35.640917006277178],[139.440963727368768,35.640913456427185],[139.440928195492916,35.640912725825387],[139.440927558870271,35.640939287100522],[139.440927087401462,35.640971356994179],[139.440921137986976,35.641375761867749],[139.440924318594142,35.641664338003729],[139.44092464969188,35.641688847083813],[139.440926086973661,35.641796054197492],[139.440916894171295,35.641815221727697],[139.44083149714271,35.641983343830034],[139.440600635349739,35.642363040040813],[139.440593090277332,35.642375448835843],[139.440631248067888,35.642387585498938],[139.440998326507753,35.6425043512928],[139.441330404365772,35.642609780345531],[139.441327330694776,35.642615795033734],[139.441324265783777,35.642620705602901],[139.441280256149582,35.642691160947862],[139.441240604574119,35.642738099499745],[139.441164132669712,35.642795537350366],[139.441155679584028,35.642810476110611],[139.441149646727752,35.642821134880855],[139.441110666969934,35.64289000667921],[139.441177068119401,35.642911179263542],[139.441334870871742,35.643013551870169],[139.441284487895899,35.643058069034481],[139.44106636910351,35.643117746159781],[139.441057442050976,35.643285277405276],[139.440993466704299,35.643587025924781],[139.440957746106619,35.643817180322849],[139.440604442488251,35.644618249873858],[139.440545655844687,35.644623292121672],[139.440534107837834,35.644781835803812],[139.440503247528738,35.644957787893233],[139.440468282161135,35.645089945564393],[139.440446950434989,35.645161085346665],[139.440387928623608,35.645262747416467],[139.44033896788784,35.645321099194192],[139.440127091887717,35.645535010429292],[139.440147052990795,35.645560413173918],[139.44028528131463,35.645736326654713],[139.440378686634034,35.645855196063188],[139.440380596965866,35.645857624961238],[139.44026985350223,35.645922162720687],[139.440151386868763,35.646050023865918],[139.44011918562714,35.646075820542748],[139.440118897967039,35.646079092447046],[139.440057741865388,35.646061992536495],[139.439917353788729,35.646067519978416],[139.439622404515234,35.646020682080234],[139.43954340900558,35.64628769803754],[139.439626867904622,35.64639416358564],[139.439637265728436,35.64654338124253],[139.439656920784358,35.646598933840892],[139.439909165850622,35.646646092611796],[139.440113575170045,35.646675138542712],[139.440203829825123,35.646707474393978],[139.440940953935041,35.647047674442248],[139.441036174445429,35.647202554725148],[139.441335032050546,35.647050644196447],[139.441654829631602,35.646957286413262],[139.442076789809818,35.646858941889739],[139.442084032676831,35.646797876125362],[139.44257730029085,35.646726203434156],[139.442622963197152,35.646729660651907],[139.44356923619938,35.646801136451202],[139.443631207777258,35.646813376960303],[139.443987729592521,35.646883785028898],[139.44452171770692,35.64698948075813],[139.444887624609322,35.647073403340556],[139.444956846595574,35.647075632595296],[139.445142437505666,35.647124925341451],[139.445635127615532,35.647235306371876],[139.446164912264948,35.647354292875697],[139.446569099090169,35.647443648078841],[139.446583966505727,35.647437886689829],[139.446748519835609,35.646913119822337]]]]}},
{"type":"Feature","properties":{"KEY_CODE":"13224012001","PREF":"13","CITY":"224","S_AREA":"012001","PREF_NAME":"東京都","CITY_NAME":"多摩市","S_NAME":"聖ケ丘一丁目","KIGO_E":null,"HCODE":8101,"AREA":197117.216,"PERIMETER":2875.279,"R2KAxx":5143,"R2KAxx_ID":5142,"KIHON1":"0120","DUMMY1":"-","KIHON2":"01","KEYCODE1":"224012001","KEYCODE2":"224012001","AREA_MAX_F":"M","KIGO_D":null,"N_KEN":null,"N_CITY":null,"KIGO_I":null,"KBSUM":23,"JINKO":1887,"SETAI":832,"X_CODE":139.454113,"Y_CODE":35.637972,"KCODE1":"0120-01","visited":0},"geometry":{"type":"MultiPolygon","coordinates":[[[[139.452830906512304,35.63972213680357],[139.452849277618441,35.639714271647648],[139.452905408365069,35.63971944989639],[139.453451024569944,35.638963995096866],[139.453486423892116,35.638957944062646],[139.453744478470895,35.639040267456636],[139.45379278286967,35.639077143775332],[139.453916984686515,35.63917200171403],[139.454170506007756,35.639365643197472],[139.454265311134208,35.639438038055395],[139.454298103914823,35.639463081150588],[139.45430717441829,35.639515325846403],[139.454306226430845,35.639606197847712],[139.454371141115587,35.639615556683601],[139.454562215680482,35.639643058081546],[139.45458029874942,35.639558366443723],[139.454480258639308,35.639543685627473],[139.454404829266281,35.639532604797182],[139.454426256204641,35.63944341579657],[139.454597122754848,35.639466699375127],[139.454812470522995,35.639496001466526],[139.454905179029453,35.639263770483034],[139.455060407105691,35.639127222785739],[139.455113719675694,35.639163339138115],[139.455191408867194,35.639215974848092],[139.455422921026098,35.639055371829315],[139.455544934703312,35.639175644018621],[139.455644788257388,35.639074095440776],[139.455563324761386,35.639017047003307],[139.45561325353134,35.638965833156753],[139.45553181301554,35.638912376676416],[139.455562892882455,35.638879130907895],[139.455277632351709,35.638721411938306],[139.455227157589235,35.638659038885066],[139.455721889977525,35.638469519884751],[139.455774061178232,35.638449534415777],[139.455774713552245,35.638420735157972],[139.455988737606219,35.638410737904351],[139.456205752138374,35.638672319843231],[139.456276778971471,35.638683809383572],[139.456316027624069,35.638766815834728],[139.456260942485102,35.63892388740139],[139.456317541777707,35.639022933271555],[139.45634975808224,35.638941383559199],[139.456356890574284,35.638856389479415],[139.456670196485021,35.638815265949347],[139.456675316700199,35.638655658479244],[139.456774903661227,35.638536680071098],[139.456809228934759,35.638446755906109],[139.456860829863899,35.638434066989795],[139.457167727089313,35.638301900910079],[139.457291408960884,35.638269117951836],[139.457699761764275,35.638179869772905],[139.457826381342329,35.638164561505342],[139.457991201817123,35.638031669442711],[139.458160510167033,35.637779708585043],[139.458567730827781,35.636897469184646],[139.458584845810293,35.636686900433389],[139.458515353603246,35.636504158641074],[139.458229087810878,35.636210640906498],[139.457663696536258,35.636485974435232],[139.457460763312042,35.636598117900348],[139.457222040944572,35.636670395763275],[139.456352096720707,35.636854177874085],[139.455583192037835,35.637022319489716],[139.455381338638034,35.636601144783413],[139.455223034302463,35.636339325316342],[139.455032245892397,35.636115531996445],[139.454883206151209,35.636001794884237],[139.454725647021917,35.635920810673426],[139.453976956845565,35.63553611371151],[139.453260033368281,35.635194116166417],[139.45319713259849,35.635789414483945],[139.453265837076799,35.63647219955417],[139.453087685869747,35.636450653065857],[139.453129370068979,35.636509373145856],[139.453276887656926,35.63671718747338],[139.453288383379913,35.636803169514792],[139.453327307680041,35.636871318207838],[139.453307117455154,35.637291442437046],[139.453226112634212,35.63740199021251],[139.453186863092782,35.637438660667328],[139.452889257780953,35.637802912162435],[139.452464699484409,35.637552392513591],[139.452707848066268,35.637211666317008],[139.452716814769104,35.637103423931897],[139.452324692868388,35.637243901737556],[139.452043720664165,35.63733839484717],[139.451814423459695,35.637423085767949],[139.451802457803979,35.637426815247252],[139.451508002232572,35.6375184118737],[139.4512781988212,35.637599931891224],[139.450803831500366,35.637756374216472],[139.450139762685069,35.637960025903972],[139.450464010443454,35.638605215861162],[139.450691447056244,35.639047817495268],[139.45072294298194,35.639109147441218],[139.451273264377534,35.640269110802421],[139.451419870931915,35.640722510465118],[139.451429292482288,35.640736729214012],[139.451468970826994,35.640792486568309],[139.451654503734744,35.640887649165883],[139.451818129273136,35.640846723534516],[139.451967754378273,35.640729106214913],[139.4521998030595,35.640457637390476],[139.452198957286441,35.640453656045068],[139.452178190214966,35.640358419153934],[139.452189862338884,35.640343350705798],[139.452491528423593,35.639952883114404],[139.452625238590798,35.639925383321916],[139.452750822748271,35.63975631847125],[139.452830906512304,35.63972213680357]]]]}},
{"type":"Feature","properties":{"KEY_CODE":"13224012002","PREF":"13","CITY":"224","S_AREA":"012002","PREF_NAME":"東京都","CITY_NAME":"多摩市","S_NAME":"聖ケ丘二丁目","KIGO_E":null,"HCODE":8101,"AREA":267027.149,"PERIMETER":2367.642,"R2KAxx":5144,"R2KAxx_ID":5143,"KIHON1":"0120","DUMMY1":"-","KIHON2":"02","KEYCODE1":"224012002","KEYCODE2":"224012002","AREA_MAX_F":"M","KIGO_D":null,"N_KEN":null,"N_CITY":null,"KIGO_I":null,"KBSUM":24,"JINKO":1747,"SETAI":707,"X_CODE":139.456597,"Y_CODE":35.633678,"KCODE1":"0120-02","visited":0},"geometry":{"type":"MultiPolygon","coordinates":[[[[139.458945155438215,35.632852036088359],[139.458881930422592,35.63235274854803],[139.458841676173876,35.632384103053688],[139.458794723350763,35.631697623405323],[139.458757267489716,35.631295628082334],[139.45875095491138,35.631261947302789],[139.458713632355028,35.631062266267286],[139.458660359505757,35.630972561653429],[139.458598178273377,35.630905507868583],[139.458468765909259,35.630847323636139],[139.458069701137106,35.630701546848925],[139.457846890914141,35.630612335161956],[139.456947759147596,35.630275073944325],[139.456766232626194,35.630202679872319],[139.456688864397933,35.630119343198977],[139.456644298615998,35.629957453864016],[139.456821537716138,35.629546552970837],[139.45709048799182,35.628936794294958],[139.457166729340599,35.628726939407571],[139.457057002957185,35.628656320258081],[139.457033206783876,35.628635471109952],[139.456886823260504,35.62889580807348],[139.456561783462462,35.629473771033155],[139.455679661368464,35.631042466001688],[139.455579173431204,35.631216541528552],[139.455554405431172,35.631265190568392],[139.455232585295704,35.631869849103971],[139.455043144053121,35.632194777609762],[139.454763091878363,35.632675122405168],[139.454656752653335,35.632864174201636],[139.454548928674257,35.633055870160199],[139.454508606705076,35.633127533661188],[139.454154068249522,35.633606776603074],[139.453907169151535,35.633896088152667],[139.45361297351684,35.634308449720947],[139.453506031516866,35.634495671344673],[139.453354495703707,35.634746516211216],[139.453295581149092,35.634937623163495],[139.453260033368281,35.635194116166417],[139.453976956845565,35.63553611371151],[139.454725647021917,35.635920810673426],[139.454883206151209,35.636001794884237],[139.455032245892397,35.636115531996445],[139.455223034302463,35.636339325316342],[139.455381338638034,35.636601144783413],[139.455583192037835,35.637022319489716],[139.456352096720707,35.636854177874085],[139.457222040944572,35.636670395763275],[139.457460763312042,35.636598117900348],[139.457663696536258,35.636485974435232],[139.458229087810878,35.636210640906498],[139.458217122862493,35.636187366559227],[139.458666160373298,35.635742241582165],[139.458745240728064,35.635663863193976],[139.45903573378132,35.634985403461293],[139.459083415197085,35.634749896924973],[139.459065290195326,35.634696848871123],[139.458917573888812,35.633069544905403],[139.458902479863582,35.632902992961412],[139.458945155438215,35.632852036088359]]]]}},
{"type":"Feature","properties":{"KEY_CODE":"13224012003","PREF":"13","CITY":"224","S_AREA":"012003","PREF_NAME":"東京都","CITY_NAME":"多摩市","S_NAME":"聖ケ丘三丁目","KIGO_E":null,"HCODE":8101,"AREA":261363.081,"PERIMETER":2173.982,"R2KAxx":5145,"R2KAxx_ID":5144,"KIHON1":"0120","DUMMY1":"-","KIHON2":"03","KEYCODE1":"224012003","KEYCODE2":"224012003","AREA_MAX_F":"M","KIGO_D":null,"N_KEN":null,"N_CITY":null,"KIGO_I":null,"KBSUM":24,"JINKO":2033,"SETAI":847,"X_CODE":139.460505,"Y_CODE":35.630557,"KCODE1":"0120-03","visited":0},"geometry":{"type":"MultiPolygon","coordinates":[[[[139.463568301596524,35.632874433000097],[139.463619950183443,35.632692141199364],[139.463667484002315,35.632569515527678],[139.463709093198133,35.632347512406277],[139.463698731181267,35.631985287801896],[139.463662292811279,35.631787830266632],[139.463582714685799,35.63159277277898],[139.46345133884094,35.631323088328628],[139.463252575082066,35.630983586341131],[139.463045682879567,35.630611314633107],[139.462850712888866,35.630272632666376],[139.462616293275431,35.629884780513919],[139.462376567880341,35.629441809424229],[139.46214371266413,35.629108288656859],[139.462009763691071,35.628939501228842],[139.461865430012978,35.628778320861578],[139.461693140278385,35.62860969464441],[139.461434465458439,35.628367316477259],[139.46104437884884,35.628033586779523],[139.460765783956958,35.627764111652624],[139.460490288118962,35.627616395376826],[139.460301721878068,35.627573624286818],[139.459756712301527,35.62759528951365],[139.459219755371606,35.627610432262969],[139.458132245561274,35.627639718219307],[139.458104006213205,35.627757577650698],[139.45793513898704,35.627864894185038],[139.457710093096722,35.628391578439512],[139.4574315057055,35.629043628652937],[139.457169572541943,35.629656683859174],[139.457076083407514,35.629875533912482],[139.456875343919876,35.630147706319569],[139.456766232626194,35.630202679872319],[139.456947759147596,35.630275073944325],[139.457846890914141,35.630612335161956],[139.458069701137106,35.630701546848925],[139.458468765909259,35.630847323636139],[139.458598178273377,35.630905507868583],[139.458660359505757,35.630972561653422],[139.458713632355028,35.631062266267286],[139.45875095491138,35.631261947302789],[139.458757267489716,35.631295628082334],[139.458794723350763,35.631697623405323],[139.458841676173876,35.632384103053688],[139.458881930422592,35.63235274854803],[139.458945155438215,35.632852036088359],[139.460506022172154,35.632838569948433],[139.460929889517473,35.63283080932402],[139.461150098863101,35.632842554068276],[139.461269572974828,35.632887218969664],[139.461345934635517,35.632947415726512],[139.461435730894522,35.63307740769087],[139.461457064756758,35.633109020861035],[139.461574795378368,35.633613969127175],[139.461674211207196,35.633697158391321],[139.46177411286294,35.633750599600376],[139.461774187107778,35.633780809176443],[139.462041345864748,35.633825228540914],[139.462242531727526,35.633781597053876],[139.462423762604516,35.633753217574387],[139.462804754182855,35.633663842631137],[139.463103911076786,35.633597064713101],[139.463149864309798,35.633564144924669],[139.463545929933105,35.633422882344313],[139.463511180885263,35.6333452437921],[139.463492321000246,35.633189104859802],[139.463497810203506,35.633083812419386],[139.463568301596524,35.632874433000097]]]]}},
{"type":"Feature","properties":{"KEY_CODE":"13224012004","PREF":"13","CITY":"224","S_AREA":"012004","PREF_NAME":"東京都","CITY_NAME":"多摩市","S_NAME":"聖ケ丘四丁目","KIGO_E":null,"HCODE":8101,"AREA":183974.088,"PERIMETER":2873.033,"R2KAxx":5146,"R2KAxx_ID":5145,"KIHON1":"0120","DUMMY1":"-","KIHON2":"04","KEYCODE1":"224012004","KEYCODE2":"224012004","AREA_MAX_F":"M","KIGO_D":null,"N_KEN":null,"N_CITY":null,"KIGO_I":null,"KBSUM":11,"JINKO":715,"SETAI":272,"X_CODE":139.461728,"Y_CODE":35.628246,"KCODE1":"0120-04","visited":0},"geometry":{"type":"MultiPolygon","coordinates":[[[[139.465085822325989,35.631775019639271],[139.464969781159652,35.631573970884226],[139.464896917920299,35.631409781277455],[139.464806256003612,35.631138779494883],[139.464782137781668,35.630953718667264],[139.464742999367957,35.630817868213121],[139.464735459500332,35.63063792921961],[139.464803529960079,35.630203771964204],[139.464953685995397,35.629691808748284],[139.464968749167952,35.629539332702954],[139.464198428718561,35.628494554478067],[139.463614975693702,35.627698125699339],[139.462731753461497,35.626477248908152],[139.462133986768578,35.625622150487175],[139.461794951374571,35.625636229691374],[139.461528363640866,35.626040253303849],[139.460833776946089,35.626076418407735],[139.460223530557158,35.626097105419241],[139.459790074144507,35.626123733958046],[139.45947463787806,35.626144570521078],[139.459015125033034,35.626174928287689],[139.458778196527533,35.626174716866586],[139.458404306545987,35.626201505734713],[139.458392027415499,35.626208052446842],[139.458056463340483,35.626216691211212],[139.458051688014876,35.626216813832087],[139.457877879798218,35.626247111683099],[139.45772115055172,35.626259015250298],[139.457721725426609,35.626274332599003],[139.457759329596257,35.626274663560778],[139.457807150702052,35.626752655361862],[139.45780729699166,35.626959962820237],[139.457807348059106,35.627059496160861],[139.457724988047886,35.627369670653259],[139.457584957033532,35.627654453524457],[139.457293874349602,35.628246343637805],[139.457283833798357,35.628263705351578],[139.457094132082176,35.628592002896937],[139.457057002957185,35.628656320258081],[139.457166729340599,35.628726939407571],[139.45709048799182,35.628936794294958],[139.456821537716138,35.629546552970837],[139.456644298615998,35.629957453864016],[139.456688864397933,35.630119343198977],[139.456766232626194,35.630202679872319],[139.456875343919876,35.630147706319569],[139.457076083407514,35.629875533912482],[139.457169572541943,35.629656683859174],[139.4574315057055,35.629043628652937],[139.457710093096722,35.628391578439512],[139.45793513898704,35.627864894185038],[139.458104006213205,35.627757577650698],[139.458132245561274,35.627639718219307],[139.459219755371606,35.627610432262969],[139.459756712301555,35.62759528951365],[139.460301721878068,35.627573624286818],[139.460490288118962,35.627616395376826],[139.460765783956958,35.627764111652624],[139.46104437884884,35.628033586779523],[139.461434465458439,35.628367316477259],[139.461693140278385,35.62860969464441],[139.461865430012978,35.628778320861578],[139.462009763691071,35.628939501228842],[139.46214371266413,35.629108288656859],[139.462376567880341,35.629441809424229],[139.462616293275431,35.629884780513919],[139.462850712888866,35.630272632666376],[139.463045682879567,35.630611314633107],[139.463252575082066,35.630983586341131],[139.46345133884094,35.631323088328628],[139.463582714685799,35.63159277277898],[139.463662292811279,35.631787830266632],[139.46393436928156,35.631708995732069],[139.464064181263296,35.631719785060817],[139.464614669803012,35.631805637248505],[139.464747336600055,35.631833405173992],[139.464848202875373,35.63182670991862],[139.465085822325989,35.631775019639271]]]]}},
{"type":"Feature","properties":{"KEY_CODE":"13224012005","PREF":"13","CITY":"224","S_AREA":"012005","PREF_NAME":"東京都","CITY_NAME":"多摩市","S_NAME":"聖ケ丘五丁目","KIGO_E":null,"HCODE":8101,"AREA":56278.765,"PERIMETER":1435.049,"R2KAxx":5147,"R2KAxx_ID":5146,"KIHON1":"0120","DUMMY1":"-","KIHON2":"05","KEYCODE1":"224012005","KEYCODE2":"224012005","AREA_MAX_F":"M","KIGO_D":null,"N_KEN":null,"N_CITY":null,"KIGO_I":null,"KBSUM":2,"JINKO":103,"SETAI":31,"X_CODE":139.464006,"Y_CODE":35.626949,"KCODE1":"0120-05","visited":0},"geometry":{"type":"MultiPolygon","coordinates":[[[[139.464250875846602,35.62589995824144],[139.46427596879937,35.625807932872142],[139.464407450859568,35.625427390751561],[139.464397285860031,35.62532215897285],[139.464361094780742,35.625174594565827],[139.464255312721065,35.624968404910646],[139.46410647445353,35.624709762997085],[139.464053241937336,35.624591968323372],[139.46399065499827,35.6244642142195],[139.463969740741049,35.624421505751378],[139.463969486734356,35.624421645242187],[139.463851055544666,35.624487072950068],[139.463743613361544,35.624563350758891],[139.463727501283756,35.624583585280796],[139.463687030733695,35.624599312131288],[139.463640786518852,35.624630221446587],[139.463583389377078,35.624778585340991],[139.463567901190885,35.625040448769802],[139.463602715739199,35.625335775905732],[139.463698941939668,35.625808038138075],[139.462980369230507,35.625846956554753],[139.462928702958806,35.625865526543528],[139.462710651691111,35.625774044058758],[139.462708904712741,35.625741611509049],[139.462549339659091,35.625639221319446],[139.462301164534438,35.625635911689685],[139.462189710463946,35.625611656634646],[139.462133986768578,35.625622150487175],[139.462731753461497,35.626477248908152],[139.463614975693702,35.627698125699339],[139.464198428718561,35.628494554478067],[139.464968749167952,35.629539332702954],[139.465004274945443,35.629401388594204],[139.465228449185105,35.629083409639421],[139.465368938252226,35.628834638168293],[139.465395696314545,35.628727299604954],[139.465327517778263,35.628547735896177],[139.46525678820629,35.628482204838626],[139.465208755400027,35.628395231580789],[139.465185131482912,35.628336960732859],[139.465182614828848,35.628330756216982],[139.465142061630729,35.628230708038558],[139.465010436709974,35.628034578190821],[139.464996461119426,35.627941655881131],[139.464932563760186,35.627732429529622],[139.464857341041352,35.627416837917281],[139.464823604776001,35.627251115265651],[139.464720898924242,35.626975683020532],[139.464540188686783,35.6266694808984],[139.464266584204381,35.626224130696158],[139.464250126551491,35.626099304292865],[139.464252984128905,35.625966156249405],[139.464250875846602,35.62589995824144]]]]}},
{"type":"Feature","properties":{"KEY_CODE":"13224013001","PREF":"13","CITY":"224","S_AREA":"013001","PREF_NAME":"東京都","CITY_NAME":"多摩市","S_NAME":"諏訪一丁目","KIGO_E":null,"HCODE":8101,"AREA":302263.316,"PERIMETER":2376.831,"R2KAxx":5148,"R2KAxx_ID":5147,"KIHON1":"0130","DUMMY1":"-","KIHON2":"01","KEYCODE1":"224013001","KEYCODE2":"224013001","AREA_MAX_F":"M","KIGO_D":null,"N_KEN":null,"N_CITY":null,"KIGO_I":null,"KBSUM":50,"JINKO":4124,"SETAI":1931,"X_CODE":139.450752,"Y_CODE":35.631817,"KCODE1":"0130-01","visited":0},"geometry":{"type":"MultiPolygon","coordinates":[[[[139.454915188185453,35.629542502919556],[139.455135959890981,35.629055414050221],[139.454592783847744,35.628882096401384],[139.454312083597159,35.628806990287238],[139.454080299497349,35.62881164919775],[139.453985082876329,35.628843250818079],[139.45391801641901,35.628869823135112],[139.453889941134065,35.628880946544321],[139.453840776157278,35.628900381581516],[139.453827925414572,35.628905460693737],[139.453739441248672,35.628940430976698],[139.453732905907884,35.62894363805546],[139.453648013934156,35.628985304952849],[139.453435394035921,35.629090060727208],[139.45328158093406,35.629162028987786],[139.453167364579315,35.629212636281629],[139.453042435711268,35.629249197992053],[139.45287145588668,35.629287558182966],[139.452456525481495,35.629325539002828],[139.452402738766239,35.629318113991786],[139.451667009819005,35.62921663348564],[139.450296394231657,35.62902926143822],[139.45019929226288,35.629016734712181],[139.44989365415492,35.629314372602636],[139.448849006493077,35.629502019374605],[139.448581965985568,35.630877847175135],[139.44847868836257,35.63126182426474],[139.448368599278524,35.631528041043225],[139.448288358064957,35.631667882720492],[139.448100388051813,35.631995432461878],[139.44808072762217,35.632029697501395],[139.447794185813876,35.632496184109591],[139.447472300960953,35.633020229613393],[139.44746313696109,35.633033368522597],[139.447298111002141,35.633269866886721],[139.446714967761409,35.634128973664247],[139.447230963975301,35.634397866869378],[139.447468452743124,35.634528584525214],[139.447822643725971,35.634723545341586],[139.447920629437732,35.634805544412259],[139.448421593675278,35.635224764023725],[139.448843480753595,35.635675803483601],[139.448867015168446,35.6356608446903],[139.449024705866606,35.635560543059647],[139.449382385608772,35.635298422256696],[139.450106928102542,35.634782905017275],[139.450773252251707,35.634273044669953],[139.450849441954261,35.634204804643673],[139.451074367737476,35.634040422667077],[139.451048856314486,35.634026821204941],[139.451263415820478,35.633874518527463],[139.451287693340248,35.633857272054293],[139.451650729659349,35.633599530268732],[139.452194272439016,35.6331841633802],[139.452374502007046,35.633049002790663],[139.453184271394292,35.632441776696382],[139.45321136995085,35.632411512538134],[139.453430889729447,35.632166374720853],[139.453884212145539,35.631645863489098],[139.454014003394292,35.631450298304898],[139.454212432255446,35.631067354590748],[139.454450241604235,35.630555035575412],[139.45458378420048,35.63026730323778],[139.454669608705871,35.630084345140759],[139.454852254230161,35.629681351335748],[139.454915188185453,35.629542502919556]]]]}},
{"type":"Feature","properties":{"KEY_CODE":"13224013002","PREF":"13","CITY":"224","S_AREA":"013002","PREF_NAME":"東京都","CITY_NAME":"多摩市","S_NAME":"諏訪二丁目","KIGO_E":null,"HCODE":8101,"AREA":199353.621,"PERIMETER":1991.572,"R2KAxx":5149,"R2KAxx_ID":5148,"KIHON1":"0130","DUMMY1":"-","KIHON2":"02","KEYCODE1":"224013002","KEYCODE2":"224013002","AREA_MAX_F":"M","KIGO_D":null,"N_KEN":null,"N_CITY":null,"KIGO_I":null,"KBSUM":36,"JINKO":3748,"SETAI":1591,"X_CODE":139.45112,"Y_CODE":35.625999,"KCODE1":"0130-02","visited":0},"geometry":{"type":"MultiPolygon","coordinates":[[[[139.44989365415492,35.629314372602636],[139.45019929226288,35.629016734712181],[139.450296394231657,35.62902926143822],[139.451667009819005,35.62921663348564],[139.451883422898021,35.628308463763119],[139.451980924139491,35.627965596464065],[139.452066578896705,35.627774332354868],[139.452442320793097,35.627042938376661],[139.452491225747679,35.62694862056842],[139.452650543165475,35.626641339990648],[139.452698951592168,35.626554987070008],[139.452836086981023,35.626311803159155],[139.452927596246553,35.62614952584854],[139.453020172090135,35.625985354489487],[139.453136939586727,35.625778289360504],[139.453143610072459,35.625766457311947],[139.453202416373756,35.625537336609476],[139.453223446173553,35.625455397104751],[139.453229604977849,35.625300909142148],[139.453243566109364,35.624950621822393],[139.453246505493524,35.624876817107747],[139.453232588563083,35.624692809319079],[139.453229416984186,35.624596758804159],[139.453221279442289,35.624350193918218],[139.453181337352646,35.623789020240579],[139.453208255241861,35.623624084441012],[139.453314417300845,35.623462040308773],[139.453206449896356,35.62339546892202],[139.452758256673576,35.623171318924307],[139.452222650102669,35.622892598608843],[139.452168922193181,35.62286503670579],[139.451888442931534,35.62281126003073],[139.451835507664072,35.622789333295884],[139.451574514154856,35.622782410586098],[139.45134409430645,35.622821145751551],[139.451307431982059,35.622840781013899],[139.451147231267555,35.622867310848036],[139.450855015026264,35.622942043272595],[139.450521652658551,35.622963864848543],[139.450266781041336,35.622866755322327],[139.450253250300307,35.62289157000076],[139.450137996370785,35.62331208676332],[139.449952916750789,35.623959758058902],[139.449899472384146,35.624277523385999],[139.449839544662041,35.624581111955621],[139.4497750799448,35.624841169198049],[139.449771119911958,35.624857070909556],[139.449627202314019,35.625534696603296],[139.449586707397032,35.625850496435639],[139.449543252166166,35.625955738651641],[139.449500299059139,35.626173011159715],[139.449459877401125,35.626377470831088],[139.449426544201998,35.626546089728784],[139.449384671320388,35.626757884725741],[139.449396421401588,35.626781125307211],[139.449241749381088,35.627541527643587],[139.449125323658819,35.628113897691172],[139.448973881491668,35.628858546861103],[139.448849006493077,35.629502019374605],[139.44989365415492,35.629314372602636]]]]}},
{"type":"Feature","properties":{"KEY_CODE":"13224013003","PREF":"13","CITY":"224","S_AREA":"013003","PREF_NAME":"東京都","CITY_NAME":"多摩市","S_NAME":"諏訪三丁目","KIGO_E":null,"HCODE":8101,"AREA":141385.354,"PERIMETER":1782.296,"R2KAxx":5150,"R2KAxx_ID":5149,"KIHON1":"0130","DUMMY1":"-","KIHON2":"03","KEYCODE1":"224013003","KEYCODE2":"224013003","AREA_MAX_F":"M","KIGO_D":null,"N_KEN":null,"N_CITY":null,"KIGO_I":null,"KBSUM":9,"JINKO":1061,"SETAI":481,"X_CODE":139.453858,"Y_CODE":35.626743,"KCODE1":"0130-03","visited":0},"geometry":{"type":"MultiPolygon","coordinates":[[[[139.454080299497349,35.62881164919775],[139.454312083597159,35.628806990287238],[139.454592783847744,35.628882096401384],[139.455135959890981,35.629055414050221],[139.455242602259915,35.628846886800915],[139.455344609387794,35.628624475884912],[139.455631802295727,35.627953239835762],[139.455626903995835,35.627949704729062],[139.455275671605364,35.627697423764637],[139.455121599965906,35.627311232697522],[139.455126365927072,35.627087851336157],[139.455166246443952,35.626560872201274],[139.455253151279805,35.625510176747987],[139.455308563455731,35.624963319218836],[139.455368441089462,35.624402323340476],[139.455354272529121,35.624362174799451],[139.455379875891282,35.624017637987315],[139.454401788768365,35.623806613142754],[139.453582606319515,35.623589252076115],[139.453440789767058,35.623521978034212],[139.453314417300845,35.623462040308773],[139.453208255241861,35.623624084441012],[139.453181337352646,35.623789020240579],[139.453221279442289,35.624350193918218],[139.453229416984186,35.624596758804159],[139.453232588563083,35.624692809319079],[139.453246505493524,35.624876817107747],[139.453243566109364,35.624950621822393],[139.453229604977849,35.625300909142148],[139.453223446173553,35.625455397104751],[139.453202416373756,35.625537336609476],[139.453143610072459,35.625766457311947],[139.453136939586727,35.625778289360504],[139.453020172090135,35.625985354489487],[139.452927596246553,35.62614952584854],[139.452836086981023,35.626311803159155],[139.452698951592168,35.626554987070008],[139.452650543165475,35.626641339990648],[139.452491225747679,35.62694862056842],[139.452442320793097,35.627042938376661],[139.452066578896705,35.627774332354868],[139.451980924139491,35.627965596464065],[139.451883422898021,35.628308463763119],[139.451667009819005,35.62921663348564],[139.452402738766239,35.629318113991786],[139.452456525481495,35.629325539002828],[139.45287145588668,35.629287558182966],[139.453042435711268,35.629249197992053],[139.453167364579315,35.629212636281629],[139.45328158093406,35.629162028987786],[139.453435394035921,35.629090060727208],[139.453648013934156,35.628985304952849],[139.453732905907884,35.62894363805546],[139.453739441248672,35.628940430976698],[139.453827925414572,35.628905460693737],[139.453840776157278,35.628900381581516],[139.453889941134065,35.628880946544321],[139.45391801641901,35.628869823135112],[139.453985082876386,35.628843250818079],[139.454080299497349,35.62881164919775]]]]}},
{"type":"Feature","properties":{"KEY_CODE":"13224013004","PREF":"13","CITY":"224","S_AREA":"013004","PREF_NAME":"東京都","CITY_NAME":"多摩市","S_NAME":"諏訪四丁目","KIGO_E":null,"HCODE":8101,"AREA":282312.85,"PERIMETER":2328.996,"R2KAxx":5151,"R2KAxx_ID":5150,"KIHON1":"0130","DUMMY1":"-","KIHON2":"04","KEYCODE1":"224013004","KEYCODE2":"224013004","AREA_MAX_F":"M","KIGO_D":null,"N_KEN":null,"N_CITY":null,"KIGO_I":null,"KBSUM":29,"JINKO":1627,"SETAI":857,"X_CODE":139.458104,"Y_CODE":35.624179,"KCODE1":"0130-04","visited":0},"geometry":{"type":"MultiPolygon","coordinates":[[[[139.458082115089866,35.620931356609113],[139.457296059873045,35.620568710834469],[139.456967365852847,35.621048164326886],[139.456611382764436,35.621534398451224],[139.45635200398371,35.621890207230287],[139.456104211038877,35.622239467770576],[139.455713117025738,35.622807413991566],[139.455622404262243,35.623014120196096],[139.45553106388769,35.623270147979461],[139.455476910793806,35.623523969699704],[139.455438921957892,35.623796643039341],[139.455401088394211,35.624000909314887],[139.455379875891282,35.624017637987315],[139.455354272529121,35.624362174799451],[139.455368441089462,35.624402323340476],[139.455308563455759,35.624963319218836],[139.455253151279805,35.625510176747987],[139.45516624644398,35.626560872201274],[139.455126365927072,35.627087851336157],[139.455121599965906,35.627311232697551],[139.455275671605364,35.627697423764637],[139.455626903995835,35.627949704729062],[139.455776449254444,35.627633158665034],[139.455819877171677,35.627560166249339],[139.455933034720573,35.627323676330356],[139.456223603416305,35.626987397141647],[139.456599035096048,35.626717295054505],[139.456971465611218,35.626497354671571],[139.457154521812441,35.626389274145218],[139.457264199166701,35.626368493068192],[139.457598780894983,35.626299635431486],[139.457721725426609,35.626274332599003],[139.45772115055172,35.626259015250298],[139.457877879798218,35.626247111683099],[139.458051688014876,35.626216813832087],[139.458056463340483,35.626216691211212],[139.458392027415499,35.626208052446842],[139.458404306545987,35.626201505734713],[139.458778196527533,35.626174716866586],[139.459015125033034,35.626174928287689],[139.45947463787806,35.626144570521078],[139.459790074144507,35.626123733958046],[139.460223530557158,35.626097105419241],[139.460833776946089,35.626076418407735],[139.461528363640923,35.626040253303856],[139.4617949513746,35.625636229691352],[139.462133986768606,35.625622150487175],[139.462189710464031,35.625611656634653],[139.461946977169021,35.625254487755072],[139.461635084171377,35.624728208172286],[139.461352568199857,35.624274654991851],[139.461017391229404,35.623758300723637],[139.46068522886614,35.623206886930426],[139.460354099250935,35.622693675255746],[139.460243899678488,35.62260478068135],[139.460131614436904,35.62243637916005],[139.459858389336205,35.622092910172732],[139.459708993027419,35.621948474168015],[139.45949611994277,35.621757856239881],[139.459218265277428,35.621557177554173],[139.458853065086714,35.621316515573312],[139.458602354539295,35.621177434744503],[139.458082115089866,35.620931356609113]]]]}},
{"type":"Feature","properties":{"KEY_CODE":"13224013005","PREF":"13","CITY":"224","S_AREA":"013005","PREF_NAME":"東京都","CITY_NAME":"多摩市","S_NAME":"諏訪五丁目","KIGO_E":null,"HCODE":8101,"AREA":204382.851,"PERIMETER":1896.39,"R2KAxx":5152,"R2KAxx_ID":5151,"KIHON1":"0130","DUMMY1":"-","KIHON2":"05","KEYCODE1":"224013005","KEYCODE2":"224013005","AREA_MAX_F":"M","KIGO_D":null,"N_KEN":null,"N_CITY":null,"KIGO_I":null,"KBSUM":12,"JINKO":544,"SETAI":322,"X_CODE":139.453856,"Y_CODE":35.621453,"KCODE1":"0130-05","visited":0},"geometry":{"type":"MultiPolygon","coordinates":[[[[139.455713117025738,35.622807413991566],[139.456104211038877,35.622239467770576],[139.45635200398371,35.621890207230287],[139.456611382764436,35.621534398451224],[139.456967365852847,35.621048164326886],[139.457296059873045,35.620568710834469],[139.456776039978195,35.620332167289618],[139.455994360685452,35.619985368536717],[139.455000109599979,35.61953539766381],[139.454278207669546,35.619225777200072],[139.453235613632927,35.618725674726321],[139.452870678571173,35.618979496158175],[139.452974151147288,35.619037990534459],[139.452614458089471,35.61946766067188],[139.452378923709404,35.619740272716633],[139.452141689114654,35.620043720562244],[139.451916416415145,35.620324812667029],[139.451735449438587,35.620574744779063],[139.451523727550011,35.620825988207102],[139.451223325183832,35.621217113703842],[139.45106263794429,35.621427324899159],[139.450983131314416,35.621533400824674],[139.450789743693321,35.621791285693526],[139.450759184036059,35.621842416769404],[139.450660074406784,35.622008180820465],[139.450439274150568,35.622415860277094],[139.450237102129364,35.622859830037186],[139.450266781041336,35.622866755322327],[139.450521652658551,35.622963864848543],[139.450855015026264,35.622942043272595],[139.451147231267555,35.622867310848036],[139.451307431982059,35.622840781013899],[139.45134409430645,35.622821145751551],[139.451574514154856,35.622782410586098],[139.451835507664072,35.622789333295884],[139.451888442931534,35.62281126003073],[139.452168922193181,35.62286503670579],[139.452222650102669,35.622892598608843],[139.452758256673576,35.623171318924307],[139.453206449896356,35.62339546892202],[139.453314417300845,35.623462040308773],[139.453440789767058,35.623521978034212],[139.453582606319515,35.623589252076115],[139.454401788768365,35.623806613142754],[139.455379875891282,35.624017637987315],[139.455401088394211,35.624000909314887],[139.455438921957892,35.623796643039341],[139.455476910793806,35.623523969699704],[139.45553106388769,35.623270147979461],[139.455622404262243,35.623014120196096],[139.455713117025738,35.622807413991566]]]]}},
{"type":"Feature","properties":{"KEY_CODE":"13224013006","PREF":"13","CITY":"224","S_AREA":"013006","PREF_NAME":"東京都","CITY_NAME":"多摩市","S_NAME":"諏訪六丁目","KIGO_E":null,"HCODE":8101,"AREA":116597.863,"PERIMETER":3060.559,"R2KAxx":5153,"R2KAxx_ID":5152,"KIHON1":"0130","DUMMY1":"-","KIHON2":"06","KEYCODE1":"224013006","KEYCODE2":"224013006","AREA_MAX_F":"M","KIGO_D":null,"N_KEN":null,"N_CITY":null,"KIGO_I":null,"KBSUM":1,"JINKO":0,"SETAI":0,"X_CODE":139.460113,"Y_CODE":35.621853,"KCODE1":"0130-06","visited":0},"geometry":{"type":"MultiPolygon","coordinates":[[[[139.463698941939668,35.625808038138075],[139.463602715739199,35.625335775905704],[139.463567901190885,35.62504044876983],[139.463583389377106,35.624778585340991],[139.463640786518852,35.624630221446587],[139.463687030733695,35.624599312131288],[139.463620930549496,35.624610887657006],[139.46353670228919,35.624625637533605],[139.46324389433579,35.624752916203711],[139.463093279126298,35.624841276546981],[139.462813704713312,35.624950816093268],[139.462651458875769,35.624970975964402],[139.462310612711121,35.624911289939241],[139.462156879433905,35.624807228207857],[139.461994385273158,35.624593500174676],[139.461834314009963,35.624322497182902],[139.461683812314504,35.624043354504643],[139.461511835142431,35.623541842222686],[139.461483122223854,35.623419826493105],[139.461379600550202,35.623211493357552],[139.461250494438275,35.62277450961593],[139.461235839162157,35.622513854668505],[139.461176172996034,35.622408219062379],[139.461087101278622,35.622301505892537],[139.460922376434155,35.622151460617197],[139.460844775557717,35.622109777203633],[139.460758198936048,35.621948921649192],[139.460468494570023,35.62174521337532],[139.459879342976194,35.621190030816884],[139.459662070045795,35.621055169843075],[139.459424327201276,35.620963583366184],[139.459179509993248,35.620900742460449],[139.45898651350501,35.620868909823763],[139.45880891473891,35.620827266738452],[139.458568031610042,35.620689588861651],[139.458448748425894,35.620553136119106],[139.458303943554796,35.620415477690763],[139.458130275864477,35.620298992071099],[139.458037359824175,35.620195506845839],[139.45795864177876,35.620034534245775],[139.457917104865828,35.619871318863048],[139.457834861770465,35.619726318534077],[139.457749794363849,35.619622679851894],[139.457321650193165,35.61929875397454],[139.457117227443888,35.619130272150137],[139.456944340313129,35.618967628098545],[139.456667660667051,35.618960983201369],[139.456444701443729,35.618983730589648],[139.456244660240031,35.61898380393761],[139.456129999525956,35.618947459308686],[139.456065825354699,35.618894408828254],[139.456050178537765,35.618819893239476],[139.456061260257883,35.618719513722844],[139.456050857868604,35.6186210370388],[139.455996295126027,35.618559884154614],[139.455789449870053,35.618448676422211],[139.455685206060082,35.61836131105823],[139.455612916215216,35.618146098794121],[139.455476109512915,35.618014690496253],[139.455335812399198,35.617974039454687],[139.454937364859489,35.617885039533633],[139.454726587462176,35.617848706098329],[139.454658978024952,35.617811628005292],[139.454622019708069,35.617748593043025],[139.45450947853459,35.617720175840212],[139.454072502148506,35.617881596047155],[139.453916747287735,35.618000283046079],[139.453803727750824,35.618027563339481],[139.453600348259414,35.618049944362937],[139.453498188599866,35.618042085877818],[139.453307258476599,35.617940184398023],[139.453192732625268,35.617984992205344],[139.453152937641789,35.618038137127435],[139.45311896194471,35.618164358713564],[139.452824663693264,35.618127333384457],[139.452926346577158,35.618226487253182],[139.452888259992875,35.618265166193424],[139.452838923028224,35.618502457769686],[139.452787051316051,35.618746641101609],[139.452870678571145,35.618979496158175],[139.453235613632927,35.618725674726321],[139.454278207669546,35.619225777200057],[139.455000109599979,35.619535397663782],[139.455994360685452,35.619985368536717],[139.456776039978195,35.620332167289604],[139.457296059873016,35.620568710834462],[139.458082115089866,35.620931356609113],[139.458602354539295,35.621177434744503],[139.458853065086714,35.621316515573312],[139.459218265277428,35.621557177554173],[139.45949611994277,35.621757856239881],[139.459708993027476,35.621948474168015],[139.459858389336205,35.622092910172732],[139.460131614436904,35.622436379160035],[139.460243899678488,35.62260478068135],[139.460354099250907,35.622693675255739],[139.46068522886614,35.623206886930426],[139.461017391229404,35.623758300723644],[139.461352568199828,35.624274654991851],[139.461635084171377,35.624728208172279],[139.461946977168964,35.625254487755072],[139.462189710464031,35.625611656634618],[139.462301164534438,35.625635911689685],[139.462549339659091,35.625639221319446],[139.462708904712741,35.625741611509049],[139.462710651691111,35.625774044058737],[139.462928702958777,35.625865526543528],[139.462980369230507,35.625846956554753],[139.463698941939668,35.625808038138075]]]]}},
{"type":"Feature","properties":{"KEY_CODE":"13224014001","PREF":"13","CITY":"224","S_AREA":"014001","PREF_NAME":"東京都","CITY_NAME":"多摩市","S_NAME":"永山一丁目","KIGO_E":null,"HCODE":8101,"AREA":192222.921,"PERIMETER":2120.497,"R2KAxx":5154,"R2KAxx_ID":5153,"KIHON1":"0140","DUMMY1":"-","KIHON2":"01","KEYCODE1":"224014001","KEYCODE2":"224014001","AREA_MAX_F":"M","KIGO_D":null,"N_KEN":null,"N_CITY":null,"KIGO_I":null,"KBSUM":26,"JINKO":1938,"SETAI":1105,"X_CODE":139.446149,"Y_CODE":35.631311,"KCODE1":"0140-01","visited":0},"geometry":{"type":"MultiPolygon","coordinates":[[[[139.448581965985568,35.630877847175135],[139.448849006493077,35.629502019374605],[139.448973881491668,35.628858546861103],[139.449125323658819,35.628113897691172],[139.447762168621097,35.6279051910672],[139.447190898862289,35.630016124957358],[139.446691389484272,35.630081350425336],[139.446216548468669,35.630119895415767],[139.445901382747422,35.630181203248497],[139.445890280838142,35.630193914430031],[139.445502838359005,35.630307484924117],[139.445102411173082,35.630368482421467],[139.444888724629607,35.63034864060247],[139.444633383343472,35.630568051880118],[139.444588915483337,35.63054266243833],[139.444330542936825,35.630630626645448],[139.444192694162552,35.630696024966021],[139.444101925413122,35.63067502905519],[139.443634999419601,35.630689893738641],[139.443178773992315,35.630686377330044],[139.442872893468376,35.630672957578923],[139.442490737998497,35.630656157943626],[139.442496603740977,35.630780149941522],[139.442542180990472,35.631472476326458],[139.44255989090567,35.631756382646607],[139.442566461572198,35.631861722030166],[139.442581177811377,35.63210809379121],[139.442842605200099,35.632226223972197],[139.442968423304393,35.632289683784812],[139.443590554452271,35.632603478065192],[139.444421412281542,35.633023599884396],[139.444441116218968,35.633033557739353],[139.444841128079844,35.633239976973677],[139.445272539832786,35.63344582402177],[139.445670133768289,35.633635542105992],[139.446195055585832,35.633886051526616],[139.446714967761409,35.634128973664247],[139.447298111002141,35.633269866886721],[139.44746313696109,35.633033368522597],[139.447472300960953,35.633020229613393],[139.447794185813876,35.632496184109591],[139.44808072762217,35.632029697501395],[139.448100388051813,35.631995432461878],[139.448288358064957,35.631667882720492],[139.448368599278524,35.631528041043225],[139.44847868836257,35.63126182426474],[139.448581965985568,35.630877847175135]]]]}},
{"type":"Feature","properties":{"KEY_CODE":"13224014002","PREF":"13","CITY":"224","S_AREA":"014002","PREF_NAME":"東京都","CITY_NAME":"多摩市","S_NAME":"永山二丁目","KIGO_E":null,"HCODE":8101,"AREA":323711.675,"PERIMETER":2918.894,"R2KAxx":5155,"R2KAxx_ID":5154,"KIHON1":"0140","DUMMY1":"-","KIHON2":"02","KEYCODE1":"224014002","KEYCODE2":"224014002","AREA_MAX_F":"M","KIGO_D":null,"N_KEN":null,"N_CITY":null,"KIGO_I":null,"KBSUM":42,"JINKO":3154,"SETAI":1544,"X_CODE":139.445566,"Y_CODE":35.627465,"KCODE1":"0140-02","visited":0},"geometry":{"type":"MultiPolygon","coordinates":[[[[139.444192694162552,35.630696024966021],[139.444330542936825,35.630630626645448],[139.444588915483337,35.63054266243833],[139.444633383343472,35.630568051880118],[139.444888724629607,35.63034864060247],[139.445102411173082,35.630368482421467],[139.445502838359005,35.630307484924117],[139.445890280838142,35.630193914430031],[139.445901382747422,35.630181203248497],[139.446216548468669,35.630119895415767],[139.446691389484272,35.630081350425336],[139.447190898862289,35.630016124957358],[139.447762168621097,35.6279051910672],[139.449125323658819,35.628113897691172],[139.449241749381088,35.627541527643587],[139.449396421401588,35.626781125307211],[139.449384671320388,35.626757884725741],[139.449426544201998,35.626546089728784],[139.449459877401125,35.626377470831088],[139.449500299059139,35.626173011159715],[139.449543252166166,35.625955738651641],[139.449586707397032,35.625850496435639],[139.449627202314019,35.625534696603296],[139.449771119911958,35.624857070909556],[139.4497750799448,35.624841169198049],[139.449002676555438,35.624742477912179],[139.448604788572538,35.624684412258404],[139.448440781317771,35.624667762148412],[139.447079325184291,35.624529142977799],[139.446502031928503,35.624580665273221],[139.446370118988568,35.624642597780856],[139.446201465731434,35.624802150019129],[139.446106610769334,35.625414446761326],[139.446260003920003,35.626415120345577],[139.445778256335046,35.626477089707755],[139.444463649982794,35.626642210082068],[139.444193248764833,35.625843711851331],[139.444006066238245,35.625421761122006],[139.443978467549982,35.625359527418681],[139.443727401018492,35.624959269056923],[139.443530365082665,35.62467548096442],[139.443503796545627,35.624561000197552],[139.443509380425013,35.62447686861119],[139.442979466635848,35.624469202710898],[139.442260190417528,35.624480248519902],[139.442282537938354,35.62510637459102],[139.442294532733598,35.625441146466613],[139.442317795574894,35.62609188612052],[139.44233843665009,35.626669981358177],[139.44235319815752,35.627082784876521],[139.442368184165161,35.627468090784333],[139.442359900573933,35.6274688038609],[139.442413899147567,35.628679434233028],[139.442428633676229,35.629010097293055],[139.442435749668817,35.629169266923199],[139.442449474725123,35.629477287100507],[139.442442559239339,35.629639332507992],[139.442490737998497,35.630656157943626],[139.442872893468376,35.630672957578923],[139.443178773992315,35.630686377330044],[139.443634999419601,35.630689893738641],[139.444101925413122,35.63067502905519],[139.444192694162552,35.630696024966021]]]]}},
{"type":"Feature","properties":{"KEY_CODE":"13224014003","PREF":"13","CITY":"224","S_AREA":"014003","PREF_NAME":"東京都","CITY_NAME":"多摩市","S_NAME":"永山三丁目","KIGO_E":null,"HCODE":8101,"AREA":295168.227,"PERIMETER":2617.269,"R2KAxx":5156,"R2KAxx_ID":5155,"KIHON1":"0140","DUMMY1":"-","KIHON2":"03","KEYCODE1":"224014003","KEYCODE2":"224014003","AREA_MAX_F":"M","KIGO_D":null,"N_KEN":null,"N_CITY":null,"KIGO_I":null,"KBSUM":43,"JINKO":3882,"SETAI":1799,"X_CODE":139.445555,"Y_CODE":35.623249,"KCODE1":"0140-03","visited":0},"geometry":{"type":"MultiPolygon","coordinates":[[[[139.446502031928503,35.624580665273221],[139.447079325184291,35.624529142977799],[139.448440781317771,35.624667762148412],[139.448604788572538,35.624684412258404],[139.449002676555438,35.624742477912179],[139.4497750799448,35.624841169198049],[139.449839544662041,35.624581111955621],[139.449899472384146,35.624277523385999],[139.449952916750789,35.623959758058902],[139.450137996370785,35.62331208676332],[139.450253250300307,35.62289157000076],[139.449853371183934,35.622764526445046],[139.449188953624713,35.622533968690831],[139.449015456064302,35.622437715776556],[139.448624596839267,35.622229118759648],[139.448175667929405,35.621981462572542],[139.448127590113018,35.621971590580635],[139.447433776248772,35.621910561638387],[139.447349041768462,35.621883248606771],[139.446131926737536,35.621788741047737],[139.446190061489091,35.621314240854758],[139.446208780447961,35.621161599628671],[139.446149678906806,35.621157641591935],[139.445746874627304,35.621130677668155],[139.445448263969467,35.621110703297092],[139.44530184620325,35.621078437000115],[139.445207546745991,35.620978597535817],[139.445107298906663,35.620829874702395],[139.444591149477787,35.620064130192212],[139.444530507452839,35.620093614927839],[139.444411253490898,35.620160338521863],[139.444211517220708,35.620230674203619],[139.444100328378028,35.620252742193252],[139.443623124350182,35.620283237798724],[139.443567421068451,35.620254538562818],[139.442758757584244,35.620237304532921],[139.442696450369425,35.62023597557188],[139.442693024207102,35.620258109878691],[139.442562271829473,35.620958347741031],[139.442394827370578,35.621843383515348],[139.442392481336924,35.621855663875408],[139.442264604995614,35.622513870142619],[139.442129335000999,35.62313131538253],[139.442137474421912,35.623354426743404],[139.442178629229744,35.62448318771974],[139.442260190417528,35.62448024851988],[139.442979466635848,35.624469202710898],[139.443509380425013,35.62447686861119],[139.443503796545627,35.624561000197552],[139.443530365082665,35.62467548096442],[139.443727401018492,35.624959269056923],[139.443978467549982,35.625359527418681],[139.444006066238245,35.625421761122006],[139.444193248764833,35.625843711851331],[139.444463649982794,35.626642210082068],[139.445778256335046,35.626477089707755],[139.446260003920003,35.626415120345577],[139.446106610769334,35.625414446761326],[139.446201465731434,35.624802150019129],[139.446370118988568,35.624642597780856],[139.446502031928503,35.624580665273221]]]]}},
{"type":"Feature","properties":{"KEY_CODE":"13224014004","PREF":"13","CITY":"224","S_AREA":"014004","PREF_NAME":"東京都","CITY_NAME":"多摩市","S_NAME":"永山四丁目","KIGO_E":null,"HCODE":8101,"AREA":262514.967,"PERIMETER":2430.603,"R2KAxx":5157,"R2KAxx_ID":5156,"KIHON1":"0140","DUMMY1":"-","KIHON2":"04","KEYCODE1":"224014004","KEYCODE2":"224014004","AREA_MAX_F":"M","KIGO_D":null,"N_KEN":null,"N_CITY":null,"KIGO_I":null,"KBSUM":46,"JINKO":2840,"SETAI":1740,"X_CODE":139.449769,"Y_CODE":35.619371,"KCODE1":"0140-04","visited":0},"geometry":{"type":"MultiPolygon","coordinates":[[[[139.451203506039406,35.616377989663413],[139.450252583972599,35.614933105667468],[139.44963444040124,35.615217619136835],[139.449342979716903,35.615409733629598],[139.449090260945042,35.615651440632661],[139.44848055641674,35.616277749345386],[139.449074223948003,35.616711847724119],[139.449351339587054,35.616886810356299],[139.449751987093464,35.617324862488267],[139.449409301637985,35.617685922641961],[139.449137152677309,35.61794045448918],[139.448673330417108,35.618410202224098],[139.448546022529683,35.618557071698888],[139.44837636795063,35.618712572546599],[139.44806126966327,35.619037735208963],[139.447819952776342,35.61928155555902],[139.447573722786245,35.619506453072638],[139.447376468363814,35.619697812442041],[139.447149944917811,35.619931221851822],[139.446919630512639,35.620163950595746],[139.446609359618094,35.620478566072677],[139.446477376256581,35.620627849925384],[139.446297324641137,35.620837045629258],[139.446149678906806,35.621157641591935],[139.446208780447961,35.621161599628671],[139.446190061489091,35.621314240854758],[139.446131926737536,35.621788741047737],[139.447349041768462,35.621883248606771],[139.447433776248772,35.621910561638387],[139.448127590113018,35.621971590580635],[139.448175667929405,35.621981462572542],[139.448624596839267,35.622229118759648],[139.449015456064302,35.622437715776556],[139.449188953624713,35.622533968690831],[139.449853371183934,35.622764526445046],[139.450253250300307,35.62289157000076],[139.450266781041336,35.622866755322327],[139.450237102129364,35.622859830037186],[139.450439274150568,35.622415860277094],[139.450660074406784,35.622008180820465],[139.450759184036059,35.621842416769404],[139.450789743693321,35.621791285693526],[139.450983131314416,35.621533400824674],[139.45106263794429,35.621427324899159],[139.451223325183832,35.621217113703842],[139.451523727550011,35.620825988207102],[139.451735449438587,35.620574744779063],[139.451916416415145,35.620324812667029],[139.452141689114654,35.620043720562244],[139.452378923709404,35.619740272716633],[139.452614458089471,35.61946766067188],[139.452974151147288,35.619037990534459],[139.452870678571173,35.618979496158175],[139.452787051316051,35.618746641101609],[139.452838923028224,35.618502457769686],[139.452832658400212,35.618486699525512],[139.45241185824554,35.618192423321766],[139.452237460563794,35.618050750445455],[139.452084849693762,35.617888690933114],[139.451862199617551,35.617502832364117],[139.451558863346378,35.616992603884114],[139.45140232009544,35.616733353642438],[139.451203506039406,35.616377989663413]]]]}},
{"type":"Feature","properties":{"KEY_CODE":"13224014005","PREF":"13","CITY":"224","S_AREA":"014005","PREF_NAME":"東京都","CITY_NAME":"多摩市","S_NAME":"永山五丁目","KIGO_E":null,"HCODE":8101,"AREA":318876.232,"PERIMETER":2941.723,"R2KAxx":5158,"R2KAxx_ID":5157,"KIHON1":"0140","DUMMY1":"-","KIHON2":"05","KEYCODE1":"224014005","KEYCODE2":"224014005","AREA_MAX_F":"M","KIGO_D":null,"N_KEN":null,"N_CITY":null,"KIGO_I":null,"KBSUM":21,"JINKO":1971,"SETAI":819,"X_CODE":139.446506,"Y_CODE":35.617289,"KCODE1":"0140-05","visited":0},"geometry":{"type":"MultiPolygon","coordinates":[[[[139.446919630512639,35.620163950595746],[139.447149944917811,35.619931221851822],[139.447376468363814,35.619697812442041],[139.447573722786245,35.619506453072638],[139.447819952776342,35.61928155555902],[139.44806126966327,35.619037735208963],[139.44837636795063,35.618712572546599],[139.448546022529683,35.618557071698888],[139.448673330417108,35.618410202224098],[139.449137152677309,35.61794045448918],[139.449409301637985,35.617685922641961],[139.449751987093464,35.617324862488267],[139.449351339587054,35.616886810356299],[139.449074223948003,35.616711847724119],[139.44848055641674,35.616277749345386],[139.449090260945042,35.615651440632661],[139.449342979716903,35.615409733629598],[139.44963444040124,35.615217619136835],[139.450252583972599,35.614933105667468],[139.449334000282903,35.61363027989853],[139.449210528092749,35.613455140393597],[139.448459061631894,35.612788015818268],[139.448237390645374,35.612991621531563],[139.448123883889565,35.612952498157874],[139.447820013643366,35.613018217063257],[139.4477372707114,35.613008936514859],[139.447668377714933,35.612970923278041],[139.447629079819848,35.612949238570046],[139.44762717956425,35.612948190467186],[139.447603045159553,35.613077186154811],[139.44756600012181,35.613275184547426],[139.447284638762625,35.613250839756851],[139.447273840114633,35.613240232244692],[139.447250579866363,35.613217379572873],[139.447173830820901,35.613261421243969],[139.447118809565353,35.613292994830388],[139.447110003841516,35.613298046924868],[139.447112377018982,35.61330749392684],[139.447169572150841,35.613535296035693],[139.447123794599264,35.613643310336784],[139.446830981123696,35.613704556075717],[139.446692626948135,35.613553584393038],[139.446593341309978,35.613582832860992],[139.446565505914293,35.613591032272502],[139.446642958433301,35.613666083202332],[139.446652301776538,35.613675137242183],[139.446479195987081,35.61390250726857],[139.44646678611528,35.613918807089235],[139.446451926029738,35.61394178049548],[139.446770176318466,35.614144304416328],[139.446515904652188,35.614421709062036],[139.446176860686734,35.614761088783617],[139.44615246674806,35.6147855162857],[139.446538297193854,35.615062199043976],[139.445822461495197,35.615805833313779],[139.445817867758109,35.615810606392472],[139.445322459431708,35.616302534396326],[139.445101356888898,35.616522088766402],[139.444715040933687,35.616905535410794],[139.444270443990035,35.617346817012823],[139.443815897418432,35.617811725465337],[139.44371718349197,35.617911470558646],[139.443413749221548,35.617715287288391],[139.443386262716643,35.61766594116132],[139.443231418812019,35.617612414052928],[139.443139264679559,35.617560428097818],[139.442891794782327,35.617498819300401],[139.442469330287594,35.6174841720294],[139.442428112874637,35.617482734771599],[139.442401521091199,35.617878436470072],[139.44240575212217,35.61813389031493],[139.44241326717966,35.618281795313436],[139.442475194434934,35.618528458306209],[139.442507817712453,35.618620885406088],[139.442624060815831,35.618950185071981],[139.442718946048274,35.619185760046264],[139.44275630956767,35.619340624909114],[139.442794802218344,35.619741924248594],[139.442772776663617,35.619961170888509],[139.442744686796061,35.620097760916074],[139.442696450369425,35.62023597557188],[139.442758757584244,35.620237304532921],[139.443567421068451,35.620254538562854],[139.443623124350182,35.620283237798724],[139.444100328378028,35.620252742193252],[139.444211517220708,35.620230674203619],[139.444411253490898,35.620160338521863],[139.444530507452811,35.620093614927839],[139.444591149477787,35.620064130192212],[139.445107298906663,35.620829874702395],[139.445207546745991,35.620978597535817],[139.44530184620325,35.621078437000115],[139.445448263969467,35.621110703297092],[139.445746874627304,35.621130677668155],[139.446149678906806,35.621157641591935],[139.446297324641137,35.620837045629258],[139.446477376256581,35.620627849925384],[139.446609359618094,35.620478566072677],[139.446919630512639,35.620163950595746]]]]}},
{"type":"Feature","properties":{"KEY_CODE":"13224014006","PREF":"13","CITY":"224","S_AREA":"014006","PREF_NAME":"東京都","CITY_NAME":"多摩市","S_NAME":"永山六丁目","KIGO_E":null,"HCODE":8101,"AREA":217153.563,"PERIMETER":2234.315,"R2KAxx":5159,"R2KAxx_ID":5158,"KIHON1":"0140","DUMMY1":"-","KIHON2":"06","KEYCODE1":"224014006","KEYCODE2":"224014006","AREA_MAX_F":"M","KIGO_D":null,"N_KEN":null,"N_CITY":null,"KIGO_I":null,"KBSUM":15,"JINKO":1255,"SETAI":624,"X_CODE":139.444675,"Y_CODE":35.614206,"KCODE1":"0140-06","visited":0},"geometry":{"type":"MultiPolygon","coordinates":[[[[139.446593341309978,35.613582832860992],[139.446692626948135,35.613553584393038],[139.446830981123696,35.613704556075717],[139.447123794599264,35.613643310336784],[139.447169572150841,35.613535296035693],[139.447112377018982,35.61330749392684],[139.447110003841516,35.613298046924868],[139.447118809565353,35.613292994830388],[139.447173830820901,35.613261421243969],[139.447250579866363,35.613217379572873],[139.447273840114633,35.613240232244692],[139.447284638762625,35.613250839756851],[139.44756600012181,35.613275184547426],[139.447603045159553,35.613077186154811],[139.44762717956425,35.612948190467186],[139.447629079819848,35.612949238570039],[139.447668377714933,35.612970923278041],[139.4477372707114,35.613008936514859],[139.447820013643366,35.613018217063257],[139.448123883889565,35.612952498157874],[139.448237390645374,35.612991621531563],[139.448459061631894,35.612788015818268],[139.448444726580647,35.612775289436776],[139.447932617461959,35.612423766138946],[139.447391891179194,35.612133024154538],[139.44681756919627,35.611907308215351],[139.446086996899453,35.61176225250253],[139.445796893781306,35.611728326724702],[139.445722688240181,35.61171965146405],[139.443036321059992,35.611405570658476],[139.442852472698007,35.613185253680136],[139.442851114893983,35.613198452884731],[139.442801451992636,35.613719035813894],[139.442734068098588,35.614425253260329],[139.44261810691799,35.615640753899278],[139.442580890626317,35.61603103083641],[139.442481669019713,35.617323624346497],[139.442428112874637,35.617482734771599],[139.442469330287594,35.6174841720294],[139.442891794782327,35.617498819300401],[139.443139264679559,35.617560428097818],[139.443231418812019,35.617612414052928],[139.443386262716643,35.61766594116132],[139.443413749221548,35.617715287288391],[139.44371718349197,35.617911470558646],[139.443815897418432,35.617811725465337],[139.444270443990035,35.617346817012823],[139.444715040933687,35.616905535410794],[139.445101356888898,35.616522088766402],[139.445322459431708,35.616302534396326],[139.445817867758109,35.615810606392472],[139.445822461495197,35.615805833313779],[139.446538297193854,35.615062199043976],[139.44615246674806,35.614785516285714],[139.446176860686734,35.614761088783617],[139.446515904652188,35.614421709062036],[139.446770176318466,35.614144304416328],[139.446451926029738,35.61394178049548],[139.44646678611528,35.613918807089235],[139.446479195987081,35.61390250726857],[139.446652301776538,35.613675137242183],[139.446642958433301,35.613666083202332],[139.446565505914293,35.613591032272502],[139.446593341309978,35.613582832860992]]]]}},
{"type":"Feature","properties":{"KEY_CODE":"13224014007","PREF":"13","CITY":"224","S_AREA":"014007","PREF_NAME":"東京都","CITY_NAME":"多摩市","S_NAME":"永山七丁目","KIGO_E":null,"HCODE":8101,"AREA":190663.265,"PERIMETER":3327.474,"R2KAxx":5160,"R2KAxx_ID":5159,"KIHON1":"0140","DUMMY1":"-","KIHON2":"07","KEYCODE1":"224014007","KEYCODE2":"224014007","AREA_MAX_F":"M","KIGO_D":null,"N_KEN":null,"N_CITY":null,"KIGO_I":null,"KBSUM":2,"JINKO":0,"SETAI":0,"X_CODE":139.447509,"Y_CODE":35.612194,"KCODE1":"0140-07","visited":0},"geometry":{"type":"MultiPolygon","coordinates":[[[[139.446636341478978,35.609656848353517],[139.44662759694873,35.609638793078751],[139.44661776329383,35.609618030338247],[139.446606829820666,35.609596362369977],[139.446592616252616,35.609568374786704],[139.446579504833068,35.60954039129998],[139.446565295627295,35.609511501490488],[139.446551084407986,35.60948261222277],[139.446539073516192,35.609455532860402],[139.446525958471881,35.60942844994144],[139.446513943258367,35.609402271698585],[139.446501931717336,35.609375192329864],[139.446489912178521,35.609349915756752],[139.446476797167662,35.609322832831758],[139.446462570000136,35.609297549146291],[139.446449450668098,35.609271367340327],[139.446437413799742,35.609249696351085],[139.446425376266774,35.60922802480826],[139.446413335072037,35.609207254938759],[139.446402393027853,35.609187389744569],[139.446393641266326,35.609171137249945],[139.446377223875686,35.609142240852769],[139.446307156521527,35.609023035974921],[139.446254758449555,35.608902085714163],[139.446246050167872,35.608876820332888],[139.446207974812438,35.608761323016687],[139.446026816604217,35.608790484835886],[139.445855548811352,35.60882869020093],[139.445782536498655,35.608862706114877],[139.4457094623817,35.608914268640305],[139.445679536449262,35.608935383440439],[139.445586546504842,35.608991869781839],[139.445472590595273,35.609047385024986],[139.445319938590075,35.609116296630624],[139.445309977757205,35.609121673477006],[139.44518047722292,35.609196067053958],[139.445152809363123,35.609211301375574],[139.445151136320845,35.609212194905382],[139.445052106734892,35.609265057326724],[139.444740455586839,35.609238058054927],[139.44452251849907,35.609219177221455],[139.444437629689389,35.609198171353945],[139.444458123131596,35.609333640339763],[139.444464368514701,35.609374923587794],[139.444402014840051,35.609429273503189],[139.444303643156587,35.609515015725478],[139.444322957096631,35.609564015813966],[139.444353800473266,35.609642268648344],[139.444278290593189,35.609640143739469],[139.444252976706139,35.609639431842332],[139.444172806194672,35.609637175692271],[139.444142945205215,35.609421654505972],[139.4441365486162,35.609374764228221],[139.444135612070852,35.60936783432556],[139.444097119878563,35.609083497290392],[139.443885104693237,35.609102640116127],[139.443803652066549,35.609133588479764],[139.443755724571162,35.609151795237409],[139.443632980328317,35.609198267787235],[139.443617670186455,35.609124772731953],[139.443603857857369,35.609058463018705],[139.443669190327853,35.608787367336319],[139.443451700819963,35.609024618988435],[139.443394000802698,35.609087526686601],[139.443265758896871,35.609129474235061],[139.443206237562663,35.609201424707585],[139.44320171211092,35.609206895502247],[139.443204096851048,35.609228564086507],[139.443036321059992,35.611405570658476],[139.445722688240181,35.61171965146405],[139.445796893781306,35.611728326724702],[139.446086996899453,35.61176225250253],[139.44681756919627,35.611907308215351],[139.447391891179194,35.612133024154538],[139.447932617461959,35.612423766138946],[139.448444726580647,35.612775289436776],[139.448459061631894,35.612788015818268],[139.449210528092806,35.613455140393597],[139.449334000282903,35.61363027989853],[139.450252583972599,35.614933105667468],[139.451203506039434,35.616377989663405],[139.45140232009544,35.616733353642438],[139.451558863346378,35.616992603884114],[139.451862199617551,35.617502832364117],[139.45208484969379,35.617888690933114],[139.452237460563822,35.618050750445441],[139.45241185824554,35.618192423321766],[139.452832658400212,35.618486699525512],[139.452838923028253,35.618502457769672],[139.452888259992875,35.618265166193424],[139.452926346577158,35.618226487253182],[139.452824663693264,35.618127333384479],[139.452522376557738,35.616995499820277],[139.452247010939658,35.615726401022897],[139.45216151880237,35.615659759747395],[139.45158870332267,35.615454143099811],[139.451223908258157,35.615047581742566],[139.450679971616154,35.614114178384973],[139.450656495901484,35.613865352845778],[139.450751057870036,35.613621235646249],[139.450767263955441,35.613405878979776],[139.450694687146779,35.613263085584741],[139.450482145259457,35.613120653736921],[139.450222962549077,35.612867479992886],[139.449889689268616,35.612734552754581],[139.44983056421998,35.612655636293113],[139.449877931488004,35.612542625726057],[139.449649290050331,35.612350530797912],[139.449296574237223,35.612172155725901],[139.449046520163648,35.611958865125843],[139.448885882776182,35.611738889861321],[139.448894633790161,35.611726506867264],[139.448881558091131,35.61170927232488],[139.448844184260111,35.611676703040509],[139.448761650083242,35.611624159022661],[139.448691211294431,35.611581568538924],[139.448584422726924,35.611522636418769],[139.448510576080082,35.611499864539844],[139.448400334527008,35.611470666781948],[139.448271419111421,35.611422478250759],[139.448043309186374,35.611343325398529],[139.447945331234251,35.611288927838437],[139.447914555519816,35.61126178782424],[139.447861987371084,35.611175087091318],[139.447831379730928,35.611112795605337],[139.447783480107518,35.610973831383816],[139.447765030649691,35.610907972944602],[139.447759697713906,35.610869198085595],[139.447765580036986,35.61079350243282],[139.447779284825543,35.610698003757221],[139.447777232173678,35.610665547441172],[139.447766375994632,35.610627655327747],[139.447723652544227,35.610559915651351],[139.447677579003113,35.610500277556078],[139.447586467059239,35.610395426672],[139.44756887605385,35.610380947253951],[139.447553483415902,35.610368279409592],[139.447550185192227,35.610365563692994],[139.447531494332338,35.610350181229144],[139.447513907673454,35.61033480068042],[139.447494113993713,35.610319413545611],[139.447475422485951,35.610304029969747],[139.447454532614842,35.610286837562953],[139.44743253924841,35.610269639934408],[139.447411646416242,35.610253348095576],[139.447391850753576,35.610237960935798],[139.447378658557113,35.610227101902559],[139.447364355826579,35.610217140963115],[139.447352257813151,35.610208088286448],[139.44734126331312,35.610199039176678],[139.447298397509201,35.610161043501002],[139.447171900387133,35.610069598168707],[139.447150993985588,35.610056010194562],[139.447127874897205,35.610043315643658],[139.447105859995418,35.610030625210797],[139.447086052788137,35.610017942467145],[139.447045338547667,35.609991671173844],[139.447025531356246,35.609978988969637],[139.446971607719973,35.609945463611091],[139.446931987714379,35.609920998640561],[139.446853879986691,35.609866664405892],[139.446850582474099,35.609863949770848],[139.446831878180376,35.609851270002807],[139.44678347668642,35.609816862055261],[139.446759271846389,35.609800559866095],[139.446725176933569,35.609775212831551],[139.446715281848896,35.609767068010164],[139.446705387437248,35.609758923740245],[139.446696597190197,35.609750783573269],[139.446688904750118,35.60974354862531],[139.446682316484413,35.6097363155802],[139.446676836715937,35.609728186066597],[139.446671352609343,35.609720958225147],[139.446666972676553,35.609713732286949],[139.446661497250346,35.609704701100135],[139.446656026162003,35.609694768790817],[139.446650555072409,35.609684837031274],[139.446645088328779,35.609674002498785],[139.446636341478978,35.609656848353517]]]]}},
{"type":"Feature","properties":{"KEY_CODE":"13224015001","PREF":"13","CITY":"224","S_AREA":"015001","PREF_NAME":"東京都","CITY_NAME":"多摩市","S_NAME":"貝取一丁目","KIGO_E":null,"HCODE":8101,"AREA":324629.527,"PERIMETER":3093.097,"R2KAxx":5161,"R2KAxx_ID":5160,"KIHON1":"0150","DUMMY1":"-","KIHON2":"01","KEYCODE1":"224015001","KEYCODE2":"224015001","AREA_MAX_F":"M","KIGO_D":null,"N_KEN":null,"N_CITY":null,"KIGO_I":null,"KBSUM":42,"JINKO":1904,"SETAI":895,"X_CODE":139.440056,"Y_CODE":35.627185,"KCODE1":"0150-01","visited":0},"geometry":{"type":"MultiPolygon","coordinates":[[[[139.442282537938354,35.62510637459102],[139.442260190417528,35.624480248519902],[139.442178629229687,35.62448318771974],[139.442179886049217,35.624517415597175],[139.44115971692969,35.624540399163749],[139.441074609845288,35.624536214383603],[139.440587080155467,35.624274675538402],[139.440319121740771,35.624130960152797],[139.440150680285853,35.624078266179964],[139.440055486141915,35.62403862564188],[139.43985713793785,35.624051745143014],[139.439406152491102,35.624147410885932],[139.438827634685225,35.624299346379637],[139.43866750797531,35.624326497895346],[139.438516005723216,35.623794341193445],[139.438511011281236,35.623477055692661],[139.438394699942364,35.623101906263251],[139.438381327505908,35.623058695897171],[139.438090123990008,35.622584599284799],[139.437994262375327,35.622365530112781],[139.43790009719774,35.621566605381318],[139.437783594698175,35.621380281440722],[139.43765015197522,35.621279426579335],[139.437560524328859,35.621274625650535],[139.437301687344728,35.621260817454591],[139.437284196938151,35.621291989438596],[139.437275675501354,35.621576981492019],[139.43721957941824,35.622352736468912],[139.437201055218907,35.622698150987361],[139.437186993101506,35.62310121441994],[139.437151511107714,35.623806374305801],[139.437151094116672,35.623829821746703],[139.437135645203853,35.624338262953955],[139.437132869560315,35.624594788418655],[139.437132490474795,35.624627884966202],[139.437111579335692,35.62477562518508],[139.437106360533448,35.624950668405951],[139.43713648606456,35.625137728089832],[139.437230591282912,35.625389114148632],[139.437368689590897,35.625639270910192],[139.437528079570257,35.625892702536611],[139.437608307848734,35.626020250225743],[139.437953309530371,35.626570891050157],[139.438217573321396,35.627010253936064],[139.438367411000655,35.627233689776894],[139.43866098776661,35.627702898572018],[139.438885748548103,35.628125335255369],[139.438944302912688,35.62824150480575],[139.438977000136248,35.628433115419547],[139.438990269202975,35.628541217416618],[139.438957833346507,35.628893063463849],[139.438887311924617,35.629272424266119],[139.438795324624351,35.629903426982196],[139.438772675782076,35.630036444220501],[139.438538323214487,35.630930839779438],[139.439079618342106,35.631044118175765],[139.440039264086664,35.631225657613626],[139.440146205679298,35.631246287904091],[139.441063915068383,35.631423454989907],[139.441111655568932,35.631432659012972],[139.441452010860161,35.631575412707548],[139.441652016663255,35.631659330586004],[139.441761856779038,35.631705390474089],[139.442058515075274,35.631867610998015],[139.442581177811377,35.63210809379121],[139.442566461572198,35.631861722030166],[139.44255989090567,35.631756382646607],[139.442542180990472,35.631472476326458],[139.442496603740977,35.630780149941522],[139.442490737998497,35.630656157943626],[139.442442559239339,35.629639332507992],[139.442449474725123,35.629477287100507],[139.442435749668817,35.629169266923199],[139.442428633676229,35.629010097293055],[139.442413899147567,35.628679434233028],[139.442359900573933,35.6274688038609],[139.442368184165161,35.627468090784333],[139.44235319815752,35.627082784876521],[139.44233843665009,35.626669981358177],[139.442317795574894,35.62609188612052],[139.442294532733598,35.625441146466613],[139.442282537938354,35.62510637459102]]]]}},
{"type":"Feature","properties":{"KEY_CODE":"13224015002","PREF":"13","CITY":"224","S_AREA":"015002","PREF_NAME":"東京都","CITY_NAME":"多摩市","S_NAME":"貝取二丁目","KIGO_E":null,"HCODE":8101,"AREA":288744.152,"PERIMETER":2374.173,"R2KAxx":5162,"R2KAxx_ID":5161,"KIHON1":"0150","DUMMY1":"-","KIHON2":"02","KEYCODE1":"224015002","KEYCODE2":"224015002","AREA_MAX_F":"M","KIGO_D":null,"N_KEN":null,"N_CITY":null,"KIGO_I":null,"KBSUM":28,"JINKO":3274,"SETAI":1387,"X_CODE":139.43975,"Y_CODE":35.620849,"KCODE1":"0150-02","visited":0},"geometry":{"type":"MultiPolygon","coordinates":[[[[139.442178629229687,35.62448318771974],[139.442137474421912,35.623354426743404],[139.442129335000999,35.62313131538253],[139.442264604995614,35.622513870142619],[139.442392481336924,35.621855663875408],[139.442394827370578,35.621843383515348],[139.442562271829473,35.620958347741031],[139.442693024207102,35.620258109878691],[139.442575599535076,35.6202763558627],[139.442149436964456,35.620185962450272],[139.441944646740495,35.62009846909578],[139.441816513446099,35.619960667813004],[139.441573939312406,35.619699435613015],[139.441069217741983,35.619114480385498],[139.441024680811807,35.619059411062267],[139.439956453555567,35.617737865657595],[139.439903440838094,35.617416444693788],[139.43989146989216,35.617316374015125],[139.439833029528558,35.617301044502341],[139.439770285460781,35.617284572530949],[139.43863292901537,35.617086068127797],[139.437382808927055,35.616855491660679],[139.437377659107597,35.616876177196751],[139.437269271767633,35.617187457992266],[139.437195628392544,35.617500401220859],[139.437156384878023,35.617667270004219],[139.437170175487893,35.618001557730651],[139.437195601674603,35.618301446625409],[139.437202482937181,35.618356643534867],[139.437361496075681,35.619041599239893],[139.43738957159394,35.619503953066086],[139.437379780839734,35.619591907345786],[139.437376458718461,35.619640457095919],[139.437352039433733,35.619996970435551],[139.437350854434897,35.620079390335398],[139.437321208155538,35.620560315220068],[139.437315275606466,35.620656530331388],[139.437277038894877,35.621292072070425],[139.437284196938151,35.621291989438596],[139.437301687344728,35.621260817454591],[139.437560524328859,35.621274625650535],[139.43765015197522,35.621279426579335],[139.437783594698175,35.621380281440722],[139.43790009719774,35.621566605381318],[139.437994262375327,35.622365530112781],[139.438090123990008,35.622584599284799],[139.438381327505908,35.623058695897171],[139.438394699942364,35.623101906263251],[139.438511011281236,35.623477055692661],[139.438516005723216,35.623794341193445],[139.43866750797531,35.624326497895346],[139.438827634685225,35.624299346379637],[139.439406152491102,35.624147410885932],[139.43985713793785,35.624051745143014],[139.440055486141915,35.62403862564188],[139.440150680285853,35.624078266179964],[139.440319121740771,35.624130960152797],[139.440587080155467,35.624274675538402],[139.441074609845288,35.624536214383603],[139.44115971692969,35.624540399163749],[139.442179886049217,35.624517415597175],[139.442178629229687,35.62448318771974]]]]}},
{"type":"Feature","properties":{"KEY_CODE":"13224015003","PREF":"13","CITY":"224","S_AREA":"015003","PREF_NAME":"東京都","CITY_NAME":"多摩市","S_NAME":"貝取三丁目","KIGO_E":null,"HCODE":8101,"AREA":146027.427,"PERIMETER":1898.351,"R2KAxx":5163,"R2KAxx_ID":5162,"KIHON1":"0150","DUMMY1":"-","KIHON2":"03","KEYCODE1":"224015003","KEYCODE2":"224015003","AREA_MAX_F":"M","KIGO_D":null,"N_KEN":null,"N_CITY":null,"KIGO_I":null,"KBSUM":12,"JINKO":920,"SETAI":418,"X_CODE":139.441539,"Y_CODE":35.616435,"KCODE1":"0150-03","visited":0},"geometry":{"type":"MultiPolygon","coordinates":[[[[139.442852472698007,35.613185253680136],[139.441511781615986,35.613091986800747],[139.441427637382873,35.613122590877332],[139.440519016904545,35.613596603876211],[139.440290079583662,35.613750846292817],[139.44045818401284,35.614105951952524],[139.440607831605433,35.614391706410281],[139.440643286252424,35.614591633834763],[139.440630492223249,35.614818410719202],[139.440538678283787,35.615111790570808],[139.440515049279099,35.615216847991881],[139.440501536667483,35.615263790496144],[139.440467587542003,35.615381718353085],[139.44040642600325,35.615676113177528],[139.440250386787142,35.616175786456417],[139.439833029528558,35.617301044502341],[139.43989146989216,35.617316374015125],[139.439903440838094,35.617416444693788],[139.439956453555567,35.617737865657595],[139.441024680811807,35.619059411062267],[139.441069217741983,35.619114480385498],[139.441573939312406,35.619699435613015],[139.441816513446099,35.619960667813004],[139.441944646740495,35.62009846909578],[139.442149436964456,35.620185962450272],[139.442575599535076,35.6202763558627],[139.442693024207102,35.620258109878691],[139.442696450369425,35.62023597557188],[139.442744686796061,35.620097760916074],[139.442772776663617,35.619961170888509],[139.442794802218344,35.619741924248594],[139.44275630956767,35.619340624909114],[139.442718946048274,35.619185760046264],[139.442624060815831,35.618950185071981],[139.442507817712453,35.618620885406088],[139.442475194434934,35.618528458306209],[139.44241326717966,35.618281795313436],[139.44240575212217,35.61813389031493],[139.442401521091199,35.617878436470072],[139.442428112874637,35.617482734771599],[139.442481669019713,35.617323624346497],[139.442580890626289,35.61603103083641],[139.44261810691799,35.615640753899278],[139.442734068098588,35.614425253260329],[139.442801451992636,35.613719035813894],[139.442851114893983,35.613198452884731],[139.442852472698007,35.613185253680136]]]]}},
{"type":"Feature","properties":{"KEY_CODE":"13224015004","PREF":"13","CITY":"224","S_AREA":"015004","PREF_NAME":"東京都","CITY_NAME":"多摩市","S_NAME":"貝取四丁目","KIGO_E":null,"HCODE":8101,"AREA":117225.848,"PERIMETER":1407.667,"R2KAxx":5164,"R2KAxx_ID":5163,"KIHON1":"0150","DUMMY1":"-","KIHON2":"04","KEYCODE1":"224015004","KEYCODE2":"224015004","AREA_MAX_F":"M","KIGO_D":null,"N_KEN":null,"N_CITY":null,"KIGO_I":null,"KBSUM":11,"JINKO":1057,"SETAI":480,"X_CODE":139.43898,"Y_CODE":35.614943,"KCODE1":"0150-04","visited":0},"geometry":{"type":"MultiPolygon","coordinates":[[[[139.438847311974115,35.612624459090675],[139.437822458768323,35.612560213559192],[139.437796114940426,35.612918767722327],[139.437754693903372,35.613554018574369],[139.437711251577383,35.614284395894209],[139.437645455380562,35.615097125497172],[139.437595429183972,35.615728228911181],[139.437597514252758,35.615759817359034],[139.437569870986636,35.616014359562293],[139.437552456578004,35.616171195141391],[139.437382808927055,35.616855491660679],[139.43863292901537,35.617086068127797],[139.439770285460781,35.617284572530949],[139.439833029528558,35.617301044502341],[139.440250386787142,35.616175786456417],[139.44040642600325,35.615676113177528],[139.440467587542003,35.615381718353085],[139.440501536667483,35.615263790496144],[139.440515049279099,35.615216847991881],[139.440538678283787,35.615111790570808],[139.440630492223249,35.614818410719202],[139.440643286252424,35.614591633834763],[139.440607831605433,35.614391706410281],[139.44045818401284,35.614105951952524],[139.440290079583662,35.613750846292817],[139.440159191430325,35.613579723979392],[139.439828443322028,35.612952973306761],[139.439747594288264,35.612865778094033],[139.439423826840283,35.612679973380722],[139.439257354441679,35.612643831598241],[139.438966998588739,35.612626330174621],[139.438847311974115,35.612624459090675]]]]}},
{"type":"Feature","properties":{"KEY_CODE":"13224015005","PREF":"13","CITY":"224","S_AREA":"015005","PREF_NAME":"東京都","CITY_NAME":"多摩市","S_NAME":"貝取五丁目","KIGO_E":null,"HCODE":8101,"AREA":100598.886,"PERIMETER":1410.766,"R2KAxx":5165,"R2KAxx_ID":5164,"KIHON1":"0150","DUMMY1":"-","KIHON2":"05","KEYCODE1":"224015005","KEYCODE2":"224015005","AREA_MAX_F":"M","KIGO_D":null,"N_KEN":null,"N_CITY":null,"KIGO_I":null,"KBSUM":8,"JINKO":558,"SETAI":299,"X_CODE":139.44045,"Y_CODE":35.612069,"KCODE1":"0150-05","visited":0},"geometry":{"type":"MultiPolygon","coordinates":[[[[139.441427637382873,35.613122590877332],[139.441511781615986,35.613091986800747],[139.442852472698007,35.613185253680136],[139.443036321059992,35.611405570658476],[139.443028358347959,35.611384700784825],[139.441264200698157,35.611158511633839],[139.439455516195096,35.610931868904693],[139.437959769209243,35.610769288930769],[139.43795731788822,35.61080304654655],[139.437901542627799,35.611570424312269],[139.437872500094585,35.611934005664459],[139.437822458768323,35.612560213559192],[139.438847311974115,35.612624459090675],[139.438966998588739,35.612626330174621],[139.439257354441679,35.612643831598241],[139.439423826840283,35.612679973380722],[139.439747594288264,35.612865778094033],[139.439828443322028,35.612952973306761],[139.440159191430325,35.613579723979392],[139.440290079583662,35.613750846292817],[139.440519016904545,35.613596603876211],[139.441427637382873,35.613122590877332]]]]}},
{"type":"Feature","properties":{"KEY_CODE":"13224016001","PREF":"13","CITY":"224","S_AREA":"016001","PREF_NAME":"東京都","CITY_NAME":"多摩市","S_NAME":"豊ケ丘一丁目","KIGO_E":null,"HCODE":8101,"AREA":357976.372,"PERIMETER":3304.138,"R2KAxx":5166,"R2KAxx_ID":5165,"KIHON1":"0160","DUMMY1":"-","KIHON2":"01","KEYCODE1":"224016001","KEYCODE2":"224016001","AREA_MAX_F":"M","KIGO_D":null,"N_KEN":null,"N_CITY":null,"KIGO_I":null,"KBSUM":43,"JINKO":3072,"SETAI":1488,"X_CODE":139.434093,"Y_CODE":35.627824,"KCODE1":"0160-01","visited":0},"geometry":{"type":"MultiPolygon","coordinates":[[[[139.438887311924617,35.629272424266119],[139.438957833346507,35.628893063463849],[139.438990269202975,35.628541217416618],[139.438977000136248,35.628433115419547],[139.438944302912688,35.62824150480575],[139.438885748548103,35.628125335255369],[139.43866098776661,35.627702898572018],[139.438367411000655,35.627233689776894],[139.438217573321396,35.627010253936064],[139.437858177708762,35.627182798240732],[139.437774685159013,35.627218119731225],[139.437657041240783,35.62729632176034],[139.437620482377099,35.62741675820034],[139.437626030374048,35.627506700263048],[139.437675966567099,35.627674001868868],[139.437747120662181,35.627866477788224],[139.437804414256959,35.628063168484047],[139.437855505883249,35.628284380363581],[139.437910093036976,35.628478738510204],[139.437930048827951,35.62863862037193],[139.437904635416885,35.628754832479444],[139.437846539638059,35.628861326893357],[139.437770495860235,35.628924736012422],[139.437576223721095,35.628992228730759],[139.437466587553189,35.62898528419111],[139.437393437310533,35.628952194283009],[139.43729186478231,35.628857816559638],[139.437248304317592,35.628753561039574],[139.437249312604422,35.628627794806022],[139.437312891808489,35.628337314967553],[139.437333968815693,35.628182814653712],[139.437322291985765,35.628023104580883],[139.437276364217297,35.627813246922628],[139.437120145206279,35.62753729065691],[139.436955892215394,35.627325460071972],[139.436746704772446,35.627156824018421],[139.436536738923621,35.627015084315303],[139.436214845319796,35.626850653440748],[139.435524389538074,35.626428646533768],[139.435151452669572,35.626227110594456],[139.434447392203936,35.625802551425352],[139.434130833496141,35.62564271135281],[139.434004882188106,35.625630886648885],[139.433959030631826,35.625632776447333],[139.433828897530105,35.625638155083259],[139.433100707606712,35.625653205089471],[139.432823012214214,35.625664888909654],[139.432633302053432,35.625579792241879],[139.432512592198094,35.625484993882523],[139.432408987429426,35.625368106681286],[139.432354549230183,35.625259095326811],[139.432335813379837,35.625150903518197],[139.432327798535397,35.624959832121363],[139.432317439067077,35.624755229873514],[139.432291288898909,35.624619903931965],[139.432288958422902,35.624422232691302],[139.432262274643051,35.624212789883693],[139.43225390471747,35.624032946378129],[139.432228072458855,35.623886389690767],[139.432238150153012,35.623733898040669],[139.432263458244705,35.623649125500684],[139.432274770277303,35.62361120965226],[139.43232040867332,35.623461789936258],[139.432375847810903,35.623353000781563],[139.432528588370246,35.623111656539074],[139.432531018759505,35.623030860294868],[139.432492889485445,35.622928943428121],[139.432426676203022,35.622846614140791],[139.432332159550754,35.622792853889813],[139.432155895352196,35.62271924150761],[139.432024950800781,35.622689335229268],[139.431910368096936,35.622940526896564],[139.431813373796444,35.623132163733125],[139.431659311892076,35.623473218220568],[139.431366293654605,35.624057278726802],[139.431253464917432,35.624318954702275],[139.431245744267812,35.624336861516333],[139.430864119721406,35.625079702682207],[139.43083781791151,35.625130879716018],[139.430739248344054,35.625351525657337],[139.430616909123444,35.625599835454139],[139.430497488497565,35.625842171471028],[139.430427638683426,35.625934327461728],[139.430175930534944,35.626300858914689],[139.429948160660899,35.6265805407917],[139.429792034166752,35.626772260367552],[139.429565355861087,35.627082751627022],[139.429469270249882,35.627220134137751],[139.429153724764745,35.627622435106211],[139.429801845441688,35.628036308711501],[139.430166859304535,35.628269417434851],[139.430834313780252,35.628700321546383],[139.430841017531804,35.628696364148205],[139.431510622225034,35.629112870836302],[139.432378648395996,35.629661294570283],[139.43277743860466,35.629843349333605],[139.433131477286054,35.629953743411868],[139.433455139845421,35.630032946383146],[139.433994548509986,35.630141453414176],[139.434537897567708,35.630229935874262],[139.43596049628178,35.63048081469659],[139.435975791063299,35.630483646620661],[139.436896357774486,35.630654836561952],[139.437231647968417,35.630703610914289],[139.437519946880911,35.630748779635304],[139.437987659277553,35.630836893882631],[139.438538323214487,35.630930839779438],[139.438772675782076,35.630036444220501],[139.438795324624351,35.629903426982196],[139.438887311924617,35.629272424266119]]]]}},
{"type":"Feature","properties":{"KEY_CODE":"13224016002","PREF":"13","CITY":"224","S_AREA":"016002","PREF_NAME":"東京都","CITY_NAME":"多摩市","S_NAME":"豊ケ丘二丁目","KIGO_E":null,"HCODE":8101,"AREA":311299.705,"PERIMETER":2950.602,"R2KAxx":5167,"R2KAxx_ID":5166,"KIHON1":"0160","DUMMY1":"-","KIHON2":"02","KEYCODE1":"224016002","KEYCODE2":"224016002","AREA_MAX_F":"M","KIGO_D":null,"N_KEN":null,"N_CITY":null,"KIGO_I":null,"KBSUM":29,"JINKO":2791,"SETAI":1232,"X_CODE":139.434937,"Y_CODE":35.623396,"KCODE1":"0160-02","visited":0},"geometry":{"type":"MultiPolygon","coordinates":[[[[139.437528079570257,35.625892702536611],[139.437368689590897,35.625639270910192],[139.437230591282912,35.625389114148632],[139.43713648606456,35.625137728089832],[139.437106360533448,35.624950668405951],[139.437111579335692,35.62477562518508],[139.437132490474795,35.624627884966202],[139.437132869560315,35.624594788418655],[139.437135645203853,35.624338262953955],[139.437151094116672,35.623829821746703],[139.437151511107714,35.623806374305801],[139.437186993101506,35.62310121441994],[139.437201055218907,35.622698150987361],[139.43721957941824,35.622352736468912],[139.437275675501354,35.621576981492019],[139.437284196938151,35.621291989438596],[139.437277038894877,35.621292072070425],[139.436910601830363,35.621297027745527],[139.436284621280549,35.621291936511412],[139.436057545539001,35.621264358527732],[139.435812882989524,35.62120070127046],[139.435803406108818,35.621199086111432],[139.435626255910734,35.621086218021418],[139.435457594833679,35.62094095046055],[139.435391995747466,35.620838417012394],[139.435290204294688,35.620660977048964],[139.435223752195839,35.620495521037917],[139.435130328418381,35.620221703752584],[139.435030097998521,35.619947093062045],[139.434925833693541,35.619668805329482],[139.434886643759626,35.619553717302317],[139.434838863566171,35.619406700104513],[139.434838628361177,35.619245793647963],[139.434823473632434,35.619214512283875],[139.433846278085781,35.618899252841182],[139.433778155205403,35.618854274027512],[139.433470476415494,35.618804315356513],[139.433013849215172,35.618816954054935],[139.432972485641784,35.618819070188373],[139.432986936806657,35.619077518664405],[139.432978290611516,35.619367018803146],[139.432995352475672,35.619715469231508],[139.432984340904625,35.619900106556791],[139.432949873988946,35.620205291364925],[139.43285124206173,35.620614167613887],[139.432706660680196,35.621165100616174],[139.432701564125864,35.621184272784646],[139.432582782056443,35.621482525580284],[139.432516008636583,35.621624372350006],[139.432028221536399,35.622682305342913],[139.432024950800781,35.622689335229268],[139.432155895352196,35.62271924150761],[139.432332159550754,35.622792853889813],[139.432426676203022,35.622846614140791],[139.432492889485445,35.622928943428121],[139.432531018759505,35.623030860294868],[139.432528588370246,35.623111656539074],[139.432375847810903,35.623353000781563],[139.43232040867332,35.623461789936258],[139.432274770277303,35.62361120965226],[139.432263458244705,35.623649125500684],[139.432238150153012,35.623733898040669],[139.432228072458855,35.623886389690767],[139.43225390471747,35.624032946378129],[139.432262274643051,35.624212789883693],[139.432288958422902,35.624422232691302],[139.432291288898909,35.624619903931965],[139.432317439067077,35.624755229873514],[139.432327798535397,35.624959832121363],[139.432335813379837,35.625150903518197],[139.432354549230183,35.625259095326811],[139.432408987429426,35.625368106681286],[139.432512592198094,35.625484993882523],[139.432633302053432,35.625579792241879],[139.432823012214214,35.625664888909654],[139.433100707606712,35.625653205089471],[139.433828897530105,35.625638155083259],[139.433959030631826,35.625632776447333],[139.434004882188106,35.625630886648885],[139.434130833496141,35.62564271135281],[139.434447392203936,35.625802551425352],[139.435151452669572,35.626227110594456],[139.435524389538074,35.626428646533768],[139.436214845319796,35.626850653440748],[139.436536738923621,35.627015084315303],[139.436746704772446,35.627156824018421],[139.436955892215394,35.627325460071972],[139.437120145206279,35.62753729065691],[139.437276364217297,35.627813246922628],[139.437322291985765,35.628023104580883],[139.437333968815693,35.628182814653712],[139.437312891808489,35.628337314967553],[139.437249312604422,35.628627794806022],[139.437248304317592,35.628753561039574],[139.43729186478231,35.628857816559638],[139.437393437310533,35.628952194283009],[139.437466587553189,35.62898528419111],[139.437576223721095,35.628992228730759],[139.437770495860235,35.628924736012422],[139.437846539638059,35.628861326893357],[139.437904635416885,35.628754832479444],[139.437930048827951,35.62863862037193],[139.437910093036976,35.628478738510204],[139.437855505883249,35.628284380363581],[139.437804414256959,35.628063168484047],[139.437747120662181,35.627866477788224],[139.437675966567099,35.627674001868868],[139.437626030374048,35.627506700263048],[139.437620482377099,35.62741675820034],[139.437657041240783,35.62729632176034],[139.437774685159013,35.627218119731225],[139.437858177708762,35.627182798240732],[139.438217573321396,35.627010253936064],[139.437953309530371,35.626570891050157],[139.437608307848734,35.626020250225743],[139.437528079570257,35.625892702536611]]]]}},
{"type":"Feature","properties":{"KEY_CODE":"13224016003","PREF":"13","CITY":"224","S_AREA":"016003","PREF_NAME":"東京都","CITY_NAME":"多摩市","S_NAME":"豊ケ丘三丁目","KIGO_E":null,"HCODE":8101,"AREA":99609.586,"PERIMETER":1401.042,"R2KAxx":5168,"R2KAxx_ID":5167,"KIHON1":"0160","DUMMY1":"-","KIHON2":"03","KEYCODE1":"224016003","KEYCODE2":"224016003","AREA_MAX_F":"M","KIGO_D":null,"N_KEN":null,"N_CITY":null,"KIGO_I":null,"KBSUM":13,"JINKO":1539,"SETAI":634,"X_CODE":139.436189,"Y_CODE":35.618946,"KCODE1":"0160-03","visited":0},"geometry":{"type":"MultiPolygon","coordinates":[[[[139.435941585471312,35.616624274451532],[139.435724606265779,35.616581129747146],[139.435558936115882,35.616599241854402],[139.435356817805371,35.616655050672875],[139.43472658007363,35.616923017094599],[139.434814113602556,35.617053583137718],[139.434902895403184,35.617186007225193],[139.434933277687975,35.617231325373481],[139.435332243036839,35.617923170318562],[139.435344403131154,35.618148938323912],[139.435181396284548,35.618499258970495],[139.435013889144869,35.618834003141593],[139.434823473632434,35.619214512283875],[139.434838628361177,35.619245793647963],[139.434838863566171,35.619406700104513],[139.434886643759626,35.619553717302317],[139.434925833693541,35.619668805329482],[139.435030097998521,35.619947093062045],[139.435130328418381,35.620221703752584],[139.435223752195839,35.620495521037917],[139.435290204294688,35.620660977048964],[139.435391995747466,35.620838417012394],[139.435457594833679,35.62094095046055],[139.435626255910734,35.621086218021418],[139.435803406108818,35.621199086111432],[139.435812882989524,35.62120070127046],[139.436057545539001,35.621264358527732],[139.436284621280549,35.621291936511412],[139.436910601830363,35.621297027745527],[139.437277038894877,35.621292072070425],[139.437315275606466,35.620656530331388],[139.437321208155538,35.620560315220068],[139.437350854434897,35.620079390335398],[139.437352039433733,35.619996970435551],[139.437376458718461,35.619640457095919],[139.437379780839734,35.619591907345786],[139.43738957159394,35.619503953066086],[139.437361496075681,35.619041599239893],[139.437202482937181,35.618356643534867],[139.437195601674603,35.618301446625409],[139.437170175487893,35.618001557730651],[139.437156384878023,35.617667270004219],[139.437195628392544,35.617500401220859],[139.437269271767633,35.617187457992266],[139.437377659107597,35.616876177196751],[139.436285574307533,35.616683424183741],[139.436104707401029,35.616651500733063],[139.435941585471312,35.616624274451532]]]]}},
{"type":"Feature","properties":{"KEY_CODE":"13224016004","PREF":"13","CITY":"224","S_AREA":"016004","PREF_NAME":"東京都","CITY_NAME":"多摩市","S_NAME":"豊ケ丘四丁目","KIGO_E":null,"HCODE":8101,"AREA":111963.437,"PERIMETER":1487.746,"R2KAxx":5169,"R2KAxx_ID":5168,"KIHON1":"0160","DUMMY1":"-","KIHON2":"04","KEYCODE1":"224016004","KEYCODE2":"224016004","AREA_MAX_F":"M","KIGO_D":null,"N_KEN":null,"N_CITY":null,"KIGO_I":null,"KBSUM":8,"JINKO":677,"SETAI":373,"X_CODE":139.436326,"Y_CODE":35.614713,"KCODE1":"0160-04","visited":0},"geometry":{"type":"MultiPolygon","coordinates":[[[[139.435558936115882,35.616599241854402],[139.435724606265779,35.616581129747146],[139.435941585471312,35.616624274451532],[139.436104707401029,35.616651500733063],[139.436285574307533,35.616683424183741],[139.437377659107597,35.616876177196751],[139.437382808927055,35.616855491660679],[139.437552456578004,35.616171195141391],[139.437569870986636,35.616014359562293],[139.437597514252758,35.615759817359034],[139.437595429183972,35.615728228911181],[139.437645455380562,35.615097125497172],[139.437711251577383,35.614284395894209],[139.437754693903372,35.613554018574369],[139.437796114940426,35.612918767722327],[139.437822458768323,35.612560213559192],[139.436857419744598,35.612529218273572],[139.436268611199893,35.612510303925717],[139.435935751005559,35.612499627054227],[139.435746513515596,35.612541851011656],[139.435588309687461,35.61258628992509],[139.435299150036229,35.612797292810079],[139.434865887441106,35.613121543581961],[139.434980571298183,35.613227868985732],[139.435377505661137,35.61360409156206],[139.435481738301746,35.613792172456677],[139.435455877900438,35.613990069272617],[139.435363883009842,35.614186020860366],[139.435358392006066,35.614197728480804],[139.435212025788758,35.614549900231573],[139.43484514774579,35.615422860890533],[139.434779521936036,35.615579077781135],[139.434584940270042,35.616001120988876],[139.434456975055895,35.61633673478412],[139.434481113734989,35.616451490950205],[139.434517800686137,35.616626110948609],[139.434600781424194,35.616744125917052],[139.43472658007363,35.616923017094599],[139.435356817805371,35.616655050672875],[139.435558936115882,35.616599241854402]]]]}},
{"type":"Feature","properties":{"KEY_CODE":"13224016005","PREF":"13","CITY":"224","S_AREA":"016005","PREF_NAME":"東京都","CITY_NAME":"多摩市","S_NAME":"豊ケ丘五丁目","KIGO_E":null,"HCODE":8101,"AREA":167184.497,"PERIMETER":1926.922,"R2KAxx":5170,"R2KAxx_ID":5169,"KIHON1":"0160","DUMMY1":"-","KIHON2":"05","KEYCODE1":"224016005","KEYCODE2":"224016005","AREA_MAX_F":"M","KIGO_D":null,"N_KEN":null,"N_CITY":null,"KIGO_I":null,"KBSUM":13,"JINKO":1255,"SETAI":592,"X_CODE":139.433708,"Y_CODE":35.615477,"KCODE1":"0160-05","visited":0},"geometry":{"type":"MultiPolygon","coordinates":[[[[139.435013889144869,35.618834003141593],[139.435181396284548,35.618499258970495],[139.435344403131154,35.618148938323912],[139.435332243036811,35.617923170318569],[139.434933277687975,35.617231325373481],[139.434902895403184,35.617186007225193],[139.434814113602556,35.617053583137718],[139.43472658007363,35.616923017094599],[139.434600781424194,35.616744125917052],[139.434517800686137,35.616626110948609],[139.434481113734989,35.616451490950205],[139.434456975055895,35.61633673478412],[139.434584940270042,35.616001120988876],[139.434779521936036,35.615579077781135],[139.43484514774579,35.615422860890533],[139.435212025788758,35.614549900231573],[139.435358392006066,35.614197728480804],[139.435363883009842,35.614186020860366],[139.435455877900438,35.613990069272617],[139.435481738301746,35.613792172456677],[139.435377505661137,35.61360409156206],[139.434980571298183,35.613227868985732],[139.434865887441106,35.613121543581961],[139.434648753876189,35.612946079897512],[139.434146318155229,35.612534894520259],[139.433913439451004,35.61237054088911],[139.433734931532626,35.612284109713485],[139.432334765442022,35.612131687699836],[139.432271386651621,35.612614057222949],[139.43222787698798,35.613106807459623],[139.432190168381169,35.613482505915243],[139.43216171899499,35.613981010628379],[139.432145738684568,35.614340128389571],[139.432156349412679,35.61450318232216],[139.432193397033529,35.614855152892154],[139.432243352067758,35.615152449959901],[139.432297713308628,35.615361914930439],[139.432387585227218,35.615808527593934],[139.432425490351363,35.615972024818767],[139.432556554656884,35.616640522985755],[139.432613324307198,35.616990057329758],[139.432636327700607,35.617046012578491],[139.432725368768359,35.617504731933153],[139.432774284699065,35.617664955899805],[139.432812074986998,35.617860703203903],[139.432872220673886,35.618129516345896],[139.433013849215172,35.618816954054935],[139.433470476415494,35.618804315356513],[139.433778155205403,35.618854274027512],[139.433846278085781,35.618899252841182],[139.434823473632434,35.619214512283875],[139.435013889144869,35.618834003141593]]]]}},
{"type":"Feature","properties":{"KEY_CODE":"13224016006","PREF":"13","CITY":"224","S_AREA":"016006","PREF_NAME":"東京都","CITY_NAME":"多摩市","S_NAME":"豊ケ丘六丁目","KIGO_E":null,"HCODE":8101,"AREA":113247.654,"PERIMETER":1462.115,"R2KAxx":5171,"R2KAxx_ID":5170,"KIHON1":"0160","DUMMY1":"-","KIHON2":"06","KEYCODE1":"224016006","KEYCODE2":"224016006","AREA_MAX_F":"M","KIGO_D":null,"N_KEN":null,"N_CITY":null,"KIGO_I":null,"KBSUM":11,"JINKO":926,"SETAI":463,"X_CODE":139.43509,"Y_CODE":35.611508,"KCODE1":"0160-06","visited":0},"geometry":{"type":"MultiPolygon","coordinates":[[[[139.435746513515596,35.612541851011656],[139.435935751005559,35.612499627054227],[139.436268611199893,35.612510303925717],[139.436857419744598,35.612529218273572],[139.437822458768323,35.612560213559192],[139.437872500094585,35.611934005664459],[139.437901542627799,35.611570424312269],[139.43795731788822,35.61080304654655],[139.437237206664832,35.610710256959258],[139.436482411847066,35.610629848828658],[139.43504540638358,35.610457886285324],[139.434693248798425,35.610410629756977],[139.434580918585027,35.61038684348533],[139.432698563113291,35.610148923767341],[139.432434527860039,35.610890081972187],[139.432416074777279,35.61094188389891],[139.432383135725132,35.611278374594008],[139.432357330865131,35.611541584359891],[139.432301312208608,35.612113127307303],[139.432334765442022,35.612131687699836],[139.433734931532626,35.612284109713485],[139.433913439451004,35.61237054088911],[139.434146318155229,35.612534894520259],[139.434648753876189,35.612946079897512],[139.434865887441106,35.613121543581961],[139.435299150036229,35.612797292810079],[139.435588309687461,35.61258628992509],[139.435746513515596,35.612541851011656]]]]}},
{"type":"Feature","properties":{"KEY_CODE":"13224017001","PREF":"13","CITY":"224","S_AREA":"017001","PREF_NAME":"東京都","CITY_NAME":"多摩市","S_NAME":"落合一丁目","KIGO_E":null,"HCODE":8101,"AREA":405127.069,"PERIMETER":2726.096,"R2KAxx":5172,"R2KAxx_ID":5171,"KIHON1":"0170","DUMMY1":"-","KIHON2":"01","KEYCODE1":"224017001","KEYCODE2":"224017001","AREA_MAX_F":"M","KIGO_D":null,"N_KEN":null,"N_CITY":null,"KIGO_I":null,"KBSUM":42,"JINKO":3006,"SETAI":1491,"X_CODE":139.426938,"Y_CODE":35.624529,"KCODE1":"0170-01","visited":0},"geometry":{"type":"MultiPolygon","coordinates":[[[[139.431366293654605,35.624057278726802],[139.431659311892076,35.623473218220568],[139.431813373796444,35.623132163733125],[139.431910368096936,35.622940526896564],[139.432024950800781,35.622689335229268],[139.432028221536399,35.622682305342913],[139.431363404851851,35.622473448445056],[139.430925176123822,35.622329953038623],[139.430386048529243,35.622159325329307],[139.430137738861021,35.622058220631338],[139.429995086630811,35.622032672543774],[139.429962708640261,35.622057386868626],[139.429694835038077,35.622261938455821],[139.429417208685663,35.622434273802568],[139.429214497705544,35.622568657354357],[139.429181945252935,35.622584709385514],[139.428956583143304,35.622695956152121],[139.428761876636997,35.622782798787256],[139.428556270397081,35.622824748681396],[139.428286875931093,35.62286859332638],[139.42805975909792,35.622858864926393],[139.428015733163505,35.622856979289786],[139.427743267035282,35.622825255398034],[139.427314705931991,35.622689595687419],[139.4270466850231,35.622598382447315],[139.426143571025364,35.622307289853289],[139.425604111424548,35.622110549044521],[139.424954391193864,35.621888397997289],[139.42458007107885,35.621755658507411],[139.424159462593821,35.621593645536187],[139.423847947071806,35.621525829479488],[139.423508258083245,35.621460702768729],[139.423276785928209,35.621442240637165],[139.422658510416028,35.621414294019189],[139.42239594703446,35.621395900959072],[139.422400039936832,35.621573227309071],[139.42237684271123,35.621733246649569],[139.422409622465494,35.622396771414145],[139.422467422966633,35.622730997796424],[139.422523985271084,35.622893753396674],[139.422611829269101,35.623264206733253],[139.422683150593315,35.623492923199819],[139.422569425552041,35.623486551175993],[139.422674855375192,35.623765625327415],[139.422602889197975,35.623923928591175],[139.42271449641936,35.624243973967225],[139.422961873626349,35.624332802583034],[139.423050590857343,35.624550277551712],[139.423151345254695,35.62486707936197],[139.423247317428377,35.625099540720512],[139.42339140555049,35.625494233608279],[139.423629864480205,35.62618222307303],[139.423678152956512,35.626344949495362],[139.424216925069373,35.62653704965193],[139.425015878862922,35.62683002176265],[139.425692973501555,35.627079374458418],[139.426350749905453,35.627328626289753],[139.427129779000524,35.627607784499446],[139.427181985011998,35.627637394176652],[139.427683047722383,35.627811397408792],[139.42814817094964,35.627987456424137],[139.428226694827316,35.628023668879564],[139.428687197810234,35.628236083178685],[139.428937479344768,35.627906871056283],[139.429153724764745,35.627622435106211],[139.429469270249882,35.627220134137751],[139.429565355861087,35.627082751627022],[139.429792034166752,35.626772260367552],[139.429948160660899,35.6265805407917],[139.430175930534944,35.626300858914689],[139.430427638683426,35.625934327461728],[139.430497488497565,35.625842171471028],[139.430616909123444,35.625599835454139],[139.430739248344054,35.625351525657337],[139.43083781791151,35.625130879716018],[139.430864119721406,35.625079702682207],[139.431245744267812,35.624336861516333],[139.431253464917432,35.624318954702275],[139.431366293654605,35.624057278726802]]]]}},
{"type":"Feature","properties":{"KEY_CODE":"13224017002","PREF":"13","CITY":"224","S_AREA":"017002","PREF_NAME":"東京都","CITY_NAME":"多摩市","S_NAME":"落合二丁目","KIGO_E":null,"HCODE":8101,"AREA":311971.478,"PERIMETER":2670.913,"R2KAxx":5173,"R2KAxx_ID":5172,"KIHON1":"0170","DUMMY1":"-","KIHON2":"02","KEYCODE1":"224017002","KEYCODE2":"224017002","AREA_MAX_F":"M","KIGO_D":null,"N_KEN":null,"N_CITY":null,"KIGO_I":null,"KBSUM":33,"JINKO":2224,"SETAI":857,"X_CODE":139.425748,"Y_CODE":35.619437,"KCODE1":"0170-02","visited":0},"geometry":{"type":"MultiPolygon","coordinates":[[[[139.426048619827611,35.615492516184837],[139.425255592056004,35.615471808500921],[139.424857954736268,35.615936212223936],[139.424751202413802,35.616060879204475],[139.424435774303703,35.616832797108223],[139.424289007976597,35.618022940392436],[139.423906756949407,35.618062485911942],[139.423403185010272,35.618113267592932],[139.423016377901718,35.618152272910734],[139.422939324617431,35.618159546183207],[139.422265232107577,35.618208128820804],[139.422338966229177,35.618671629228146],[139.422396201910942,35.61904793125872],[139.422398909379467,35.619065898543447],[139.422430529857763,35.619274022191341],[139.422471373871815,35.619634071178986],[139.422455129654338,35.620002517221465],[139.422419179372866,35.620606516713579],[139.42239535308147,35.621369386879103],[139.42239594703446,35.621395900959072],[139.422658510416028,35.621414294019189],[139.423276785928209,35.621442240637165],[139.423508258083245,35.621460702768729],[139.423847947071806,35.621525829479488],[139.424159462593821,35.621593645536187],[139.42458007107885,35.621755658507411],[139.424954391193864,35.621888397997289],[139.425604111424548,35.622110549044521],[139.426143571025364,35.622307289853289],[139.4270466850231,35.622598382447315],[139.427314705931991,35.622689595687419],[139.427743267035282,35.622825255398034],[139.428015733163505,35.622856979289786],[139.42805975909792,35.622858864926393],[139.428286875931093,35.62286859332638],[139.428556270397081,35.622824748681396],[139.428761876636997,35.622782798787256],[139.428956583143304,35.622695956152121],[139.429181945252935,35.622584709385514],[139.429214497705544,35.622568657354357],[139.429417208685663,35.622434273802568],[139.429694835038077,35.622261938455821],[139.429962708640261,35.622057386868626],[139.429353598053495,35.621775576499125],[139.42932572918329,35.621753810181218],[139.428903313417038,35.621423874743023],[139.428540958211158,35.620944729114697],[139.428072850544226,35.620342239898314],[139.427742825756638,35.619943932707514],[139.427534751249908,35.619596773707904],[139.427370470560874,35.619210926325422],[139.427334751199481,35.619086201366279],[139.427238818132878,35.618751141605998],[139.42722408092979,35.618536279234426],[139.4271969328978,35.618140964024875],[139.427226860960502,35.617918716644709],[139.427287120508765,35.617471619912152],[139.427374682731994,35.617261504088312],[139.427549544531558,35.616841904034501],[139.427614189111239,35.616686707948688],[139.427756701974573,35.616438924975093],[139.428109587515593,35.615825286420517],[139.428088743680235,35.615820285982444],[139.428163531302971,35.61562016080493],[139.428141343135849,35.615608009460679],[139.427606246931873,35.615562727678316],[139.427100459107834,35.615519935909738],[139.426048619827611,35.615492516184837]]]]}},
{"type":"Feature","properties":{"KEY_CODE":"13224017003","PREF":"13","CITY":"224","S_AREA":"017003","PREF_NAME":"東京都","CITY_NAME":"多摩市","S_NAME":"落合三丁目","KIGO_E":null,"HCODE":8101,"AREA":307010.526,"PERIMETER":2184.101,"R2KAxx":5174,"R2KAxx_ID":5173,"KIHON1":"0170","DUMMY1":"-","KIHON2":"03","KEYCODE1":"224017003","KEYCODE2":"224017003","AREA_MAX_F":"M","KIGO_D":null,"N_KEN":null,"N_CITY":null,"KIGO_I":null,"KBSUM":37,"JINKO":2964,"SETAI":1411,"X_CODE":139.430273,"Y_CODE":35.618922,"KCODE1":"0170-03","visited":0},"geometry":{"type":"MultiPolygon","coordinates":[[[[139.432028221536399,35.622682305342913],[139.432516008636583,35.621624372350006],[139.432582782056443,35.621482525580284],[139.432701564125864,35.621184272784646],[139.432706660680196,35.621165100616174],[139.43285124206173,35.620614167613887],[139.432949873988946,35.620205291364925],[139.432984340904625,35.619900106556791],[139.432995352475672,35.619715469231508],[139.432978290611516,35.619367018803146],[139.432986936806628,35.619077518664405],[139.432972485641784,35.618819070188373],[139.433013849215172,35.618816954054935],[139.432872220673886,35.618129516345896],[139.432812074986998,35.617860703203903],[139.432774284699065,35.617664955899805],[139.432725368768359,35.617504731933153],[139.432636327700607,35.617046012578491],[139.432613324307198,35.616990057329758],[139.432556554656884,35.616640522985755],[139.432425490351363,35.615972024818767],[139.431354567512471,35.616128592060228],[139.430798147574279,35.616155397403539],[139.430243363793636,35.616088442097258],[139.429651394403521,35.615947702387388],[139.428536444165161,35.615702254678048],[139.428163531302971,35.61562016080493],[139.428088743680235,35.615820285982444],[139.428109587515593,35.615825286420517],[139.427756701974573,35.616438924975093],[139.427614189111239,35.616686707948688],[139.427549544531558,35.616841904034501],[139.427374682731994,35.617261504088312],[139.427287120508765,35.617471619912152],[139.427226860960502,35.617918716644709],[139.4271969328978,35.618140964024875],[139.42722408092979,35.618536279234426],[139.427238818132878,35.618751141605998],[139.427334751199481,35.619086201366279],[139.427370470560845,35.619210926325422],[139.427534751249908,35.619596773707904],[139.427742825756638,35.619943932707514],[139.428072850544226,35.620342239898314],[139.428540958211158,35.620944729114697],[139.428903313417038,35.621423874743023],[139.42932572918329,35.621753810181218],[139.429353598053495,35.621775576499125],[139.429962708640261,35.622057386868626],[139.429995086630811,35.622032672543774],[139.430137738861021,35.622058220631338],[139.430386048529243,35.622159325329307],[139.430925176123822,35.622329953038623],[139.431363404851851,35.622473448445056],[139.432028221536399,35.622682305342913]]]]}},
{"type":"Feature","properties":{"KEY_CODE":"13224017004","PREF":"13","CITY":"224","S_AREA":"017004","PREF_NAME":"東京都","CITY_NAME":"多摩市","S_NAME":"落合四丁目","KIGO_E":null,"HCODE":8101,"AREA":251884.338,"PERIMETER":2094.894,"R2KAxx":5175,"R2KAxx_ID":5174,"KIHON1":"0170","DUMMY1":"-","KIHON2":"04","KEYCODE1":"224017004","KEYCODE2":"224017004","AREA_MAX_F":"M","KIGO_D":null,"N_KEN":null,"N_CITY":null,"KIGO_I":null,"KBSUM":28,"JINKO":2068,"SETAI":1047,"X_CODE":139.430326,"Y_CODE":35.612895,"KCODE1":"0170-04","visited":0},"geometry":{"type":"MultiPolygon","coordinates":[[[[139.4294726674093,35.60924458516596],[139.429440672450539,35.609236485488829],[139.429273266390112,35.609628439000858],[139.429132166163299,35.609958826764966],[139.429022399224806,35.610257421994312],[139.428863456866054,35.610611586832057],[139.428855738499806,35.610628812945407],[139.42870109155163,35.61099433100275],[139.428502021667867,35.611464832448064],[139.428101515078225,35.612411428887803],[139.428073885475925,35.612435455007237],[139.42798430629793,35.612781578936648],[139.428000034551587,35.613090840487011],[139.428013892826471,35.613488647289351],[139.428098153371366,35.614025062888231],[139.428087112505125,35.614034109804969],[139.428177061095738,35.614580121888793],[139.42824100583482,35.614785044436793],[139.428228649550221,35.615319445191211],[139.428163531302971,35.61562016080493],[139.428536444165161,35.615702254678048],[139.429651394403521,35.615947702387388],[139.430243363793636,35.616088442097258],[139.430798147574279,35.616155397403539],[139.431354567512471,35.616128592060228],[139.432425490351363,35.615972024818767],[139.432387585227218,35.615808527593934],[139.432297713308628,35.615361914930439],[139.432243352067758,35.615152449959901],[139.432193397033529,35.614855152892154],[139.432156349412679,35.61450318232216],[139.432145738684568,35.614340128389571],[139.43216171899499,35.613981010628379],[139.432190168381169,35.613482505915243],[139.43222787698798,35.613106807459623],[139.432271386651621,35.612614057222949],[139.432334765442022,35.612131687699836],[139.432301312208608,35.612113127307303],[139.432357330865131,35.611541584359891],[139.432383135725132,35.611278374594008],[139.432416074777279,35.61094188389891],[139.432434527860039,35.610890081972187],[139.432698563113291,35.610148923767341],[139.431174503193745,35.609706832654865],[139.431142299138827,35.609697499858513],[139.430458762317215,35.609512094461259],[139.430217986558375,35.609446786872802],[139.4294726674093,35.60924458516596]]]]}},
{"type":"Feature","properties":{"KEY_CODE":"13224017005","PREF":"13","CITY":"224","S_AREA":"017005","PREF_NAME":"東京都","CITY_NAME":"多摩市","S_NAME":"落合五丁目","KIGO_E":null,"HCODE":8101,"AREA":232140.757,"PERIMETER":2282.208,"R2KAxx":5176,"R2KAxx_ID":5175,"KIHON1":"0170","DUMMY1":"-","KIHON2":"05","KEYCODE1":"224017005","KEYCODE2":"224017005","AREA_MAX_F":"M","KIGO_D":null,"N_KEN":null,"N_CITY":null,"KIGO_I":null,"KBSUM":19,"JINKO":2060,"SETAI":858,"X_CODE":139.424728,"Y_CODE":35.614873,"KCODE1":"0170-05","visited":0},"geometry":{"type":"MultiPolygon","coordinates":[[[[139.424857954736268,35.615936212223936],[139.425255592056004,35.615471808500921],[139.426048619827611,35.615492516184837],[139.427100459107834,35.615519935909738],[139.427606246931845,35.615562727678316],[139.428141343135849,35.615608009460679],[139.428163531302971,35.61562016080493],[139.428228649550221,35.615319445191211],[139.42824100583482,35.614785044436793],[139.428177061095738,35.614580121888793],[139.428087112505125,35.614034109804969],[139.428098153371366,35.614025062888231],[139.428013892826471,35.613488647289351],[139.428000034551587,35.613090840487011],[139.42798430629793,35.612781578936648],[139.428073885475925,35.612435455007237],[139.4280787220506,35.612416775084711],[139.427279664369308,35.612400601914715],[139.426992919341956,35.61239481179463],[139.42629171674028,35.61238311701905],[139.426160199444041,35.612376264357358],[139.425874657707254,35.612464978187575],[139.425728673054579,35.612572859884239],[139.425688465858144,35.612602581536386],[139.425269385435172,35.613123882771966],[139.425133206048656,35.613279047402251],[139.424767920587414,35.613065392277754],[139.423662532466864,35.612418824840908],[139.423627435569955,35.612435570930479],[139.423270056376651,35.612853206963088],[139.422800022016446,35.613402600022077],[139.422609412742446,35.613618595132856],[139.422393545538654,35.613849396928103],[139.422159961296614,35.614163196386471],[139.421969838749192,35.614527458413043],[139.421969172969739,35.614598579135674],[139.421865999277173,35.614983418096429],[139.421846208039767,35.615109471208171],[139.42185301446446,35.615455567059399],[139.421858772288772,35.615593889763794],[139.42195100414682,35.616308743237092],[139.422018905287501,35.616689624044199],[139.422061334091836,35.61693391003142],[139.422095778721655,35.617061697232025],[139.42215351854145,35.617406241260234],[139.422160138585582,35.617528158702925],[139.422265232107577,35.618208128820804],[139.422939324617431,35.618159546183207],[139.423016377901718,35.618152272910734],[139.423403185010272,35.618113267592932],[139.423906756949407,35.618062485911942],[139.424289007976597,35.618022940392436],[139.424435774303703,35.616832797108223],[139.424751202413802,35.616060879204475],[139.424857954736268,35.615936212223936]]]]}},
{"type":"Feature","properties":{"KEY_CODE":"13224017006","PREF":"13","CITY":"224","S_AREA":"017006","PREF_NAME":"東京都","CITY_NAME":"多摩市","S_NAME":"落合六丁目","KIGO_E":null,"HCODE":8101,"AREA":145011.214,"PERIMETER":1657.691,"R2KAxx":5177,"R2KAxx_ID":5176,"KIHON1":"0170","DUMMY1":"-","KIHON2":"06","KEYCODE1":"224017006","KEYCODE2":"224017006","AREA_MAX_F":"M","KIGO_D":null,"N_KEN":null,"N_CITY":null,"KIGO_I":null,"KBSUM":15,"JINKO":1690,"SETAI":767,"X_CODE":139.426736,"Y_CODE":35.610827,"KCODE1":"0170-06","visited":0},"geometry":{"type":"MultiPolygon","coordinates":[[[[139.425874657707254,35.612464978187575],[139.426160199444041,35.612376264357358],[139.42629171674028,35.61238311701905],[139.426992919341956,35.61239481179463],[139.427279664369308,35.612400601914715],[139.4280787220506,35.612416775084711],[139.428073885475925,35.612435455007237],[139.428101515078225,35.612411428887803],[139.428502021667867,35.611464832448064],[139.42870109155163,35.61099433100275],[139.428855738499806,35.610628812945407],[139.428863456866054,35.610611586832057],[139.429022399224806,35.610257421994312],[139.429132166163299,35.609958826764966],[139.429273266390112,35.609628439000858],[139.429440672450539,35.609236485488829],[139.428181702361712,35.608918230644903],[139.428169989862766,35.608915268917414],[139.426788573476585,35.608564687231073],[139.426331233170743,35.6084486084956],[139.425464060971649,35.61021332737004],[139.425260637330382,35.610570188994387],[139.42508122455979,35.610817032634209],[139.424696799643357,35.611248628445722],[139.424283145232124,35.611720721821243],[139.42409761401575,35.611940221638697],[139.423662532466864,35.612418824840908],[139.424767920587414,35.613065392277754],[139.425133206048656,35.613279047402251],[139.425269385435172,35.613123882771966],[139.425688465858144,35.612602581536386],[139.425728673054579,35.612572859884239],[139.425874657707254,35.612464978187575]]]]}},
{"type":"Feature","properties":{"KEY_CODE":"13224018001","PREF":"13","CITY":"224","S_AREA":"018001","PREF_NAME":"東京都","CITY_NAME":"多摩市","S_NAME":"鶴牧一丁目","KIGO_E":null,"HCODE":8101,"AREA":208115.231,"PERIMETER":2021.868,"R2KAxx":5178,"R2KAxx_ID":5177,"KIHON1":"0180","DUMMY1":"-","KIHON2":"01","KEYCODE1":"224018001","KEYCODE2":"224018001","AREA_MAX_F":"M","KIGO_D":null,"N_KEN":null,"N_CITY":null,"KIGO_I":null,"KBSUM":32,"JINKO":2644,"SETAI":1229,"X_CODE":139.420299,"Y_CODE":35.623501,"KCODE1":"0180-01","visited":0},"geometry":{"type":"MultiPolygon","coordinates":[[[[139.422674855375192,35.623765625327415],[139.422569425552041,35.623486551175993],[139.422683150593315,35.623492923199819],[139.422611829269101,35.623264206733253],[139.422523985271084,35.622893753396674],[139.422467422966633,35.622730997796424],[139.422409622465494,35.622396771414145],[139.42237684271123,35.621733246649569],[139.422400039936832,35.621573227309071],[139.42239594703446,35.621395900959072],[139.42239535308147,35.621369386879103],[139.421914628125876,35.621342961441272],[139.421496768121045,35.62131002380147],[139.421074331204721,35.621286468958374],[139.420957781705283,35.621289137690866],[139.420567239476441,35.621298080709693],[139.420471770565143,35.621310219986199],[139.420338282478639,35.621327190555341],[139.420028080341638,35.621398062914849],[139.419554824531502,35.621520802632524],[139.41882829934039,35.621703756722546],[139.418252377855396,35.621873809875581],[139.417448323290358,35.622087369126696],[139.417312853998311,35.622124542848148],[139.416996918219695,35.622211230137857],[139.416579970858436,35.622325665013832],[139.416560195021532,35.622331090506435],[139.416638359210339,35.622466738870294],[139.416840556228237,35.622817699525164],[139.417139122844304,35.623336306540239],[139.417204469223321,35.623450116348742],[139.417586462791888,35.624115091905402],[139.417629884416215,35.624190693785685],[139.417734365380113,35.624342347159804],[139.417858193994761,35.62489647436238],[139.417870219331547,35.62494767536429],[139.418075216865333,35.62495080944948],[139.418390432067838,35.624955590639296],[139.418508769292345,35.624963355991547],[139.419018243817618,35.624987920310318],[139.419179346589374,35.624990057418955],[139.419391408335116,35.625019761846104],[139.419589862487385,35.625037694584051],[139.419772680113198,35.625068425380384],[139.420133637479893,35.62514296688947],[139.420164220094165,35.625149796516318],[139.420725700638258,35.625276039957093],[139.420947827488732,35.625344647652902],[139.421296390881935,35.6254732605843],[139.421645212323369,35.625610639402808],[139.422207925899073,35.625824975751456],[139.422730363700794,35.626022447948486],[139.423339157809664,35.62626697049992],[139.423697756060449,35.626399308802235],[139.423678152956512,35.626344949495362],[139.423629864480205,35.626182223073044],[139.42339140555049,35.625494233608279],[139.423247317428377,35.625099540720512],[139.423151345254695,35.62486707936197],[139.423050590857343,35.624550277551712],[139.422961873626349,35.624332802583034],[139.42271449641936,35.624243973967225],[139.422602889197975,35.623923928591175],[139.422674855375192,35.623765625327415]]]]}},
{"type":"Feature","properties":{"KEY_CODE":"13224018002","PREF":"13","CITY":"224","S_AREA":"018002","PREF_NAME":"東京都","CITY_NAME":"多摩市","S_NAME":"鶴牧二丁目","KIGO_E":null,"HCODE":8101,"AREA":222632.616,"PERIMETER":2492.676,"R2KAxx":5179,"R2KAxx_ID":5178,"KIHON1":"0180","DUMMY1":"-","KIHON2":"02","KEYCODE1":"224018002","KEYCODE2":"224018002","AREA_MAX_F":"M","KIGO_D":null,"N_KEN":null,"N_CITY":null,"KIGO_I":null,"KBSUM":23,"JINKO":1687,"SETAI":857,"X_CODE":139.416322,"Y_CODE":35.618864,"KCODE1":"0180-02","visited":0},"geometry":{"type":"MultiPolygon","coordinates":[[[[139.418119585492946,35.618477310604142],[139.418224116366616,35.618334402548577],[139.418239421683637,35.618317193220797],[139.418410969801499,35.618124280923183],[139.41854337705081,35.617968241722195],[139.41855166697863,35.617958471815136],[139.41885800789629,35.617597429109331],[139.419015801734105,35.617443896561795],[139.418607517066846,35.61719754094662],[139.418363659051948,35.617050373762325],[139.41694271645531,35.616178242578059],[139.416737539079747,35.616380340980051],[139.416432825781271,35.616659450434071],[139.416226959882692,35.616802605594607],[139.416139209160178,35.616852896691562],[139.415935246296243,35.616969755973713],[139.415647322729825,35.617120724633068],[139.415473888479795,35.617196281950207],[139.415384126102225,35.617235372800188],[139.415137504221178,35.617271345843001],[139.414801353950594,35.617218775755639],[139.414534025719632,35.617041839225756],[139.414255430224188,35.61676866781842],[139.414244754524475,35.616757083212654],[139.413851099295044,35.616330633105562],[139.413730398021187,35.616200432182318],[139.4136078530357,35.616068182591633],[139.41346779895855,35.615829504582287],[139.413385532664279,35.615820169770771],[139.413219461896318,35.615634109956758],[139.413072180173401,35.615573776897904],[139.413063959541148,35.61559557753688],[139.412967254222082,35.61556059610789],[139.41292526582933,35.615558583318723],[139.41256112756767,35.615541224075059],[139.411934976232772,35.615511332020382],[139.411960632682906,35.615626132865778],[139.411998102734572,35.615749566682432],[139.412064487039004,35.615909226120408],[139.412103195053845,35.616002243354636],[139.412343616506121,35.616382708683524],[139.412361003422717,35.616405655906178],[139.412836274190141,35.616939535254282],[139.412983396411192,35.61710482704153],[139.41322945972621,35.617381231398674],[139.41334790411139,35.617514277430573],[139.413506988639369,35.617693024949183],[139.413652571369113,35.617856514365769],[139.413700371376933,35.617910202491885],[139.413728921333444,35.617942269008189],[139.414141405729282,35.618405647841627],[139.414193647352363,35.618393399729591],[139.41441982320228,35.618681139971478],[139.414552409048355,35.618881447959325],[139.414630562076866,35.619018683231644],[139.414785003351398,35.619261882385359],[139.415090975804674,35.61975309151218],[139.415098531659908,35.619767798319586],[139.415775533728805,35.620929304495206],[139.415970965375635,35.621260874303211],[139.41605025788374,35.62139540191508],[139.416115011590364,35.621506220247717],[139.416154376465244,35.621573603246098],[139.416579970858436,35.622325665013832],[139.416996918219695,35.622211230137857],[139.417312853998311,35.622124542848148],[139.417448323290358,35.622087369126696],[139.418252377855396,35.621873809875581],[139.41882829934039,35.621703756722546],[139.419554824531502,35.621520802632524],[139.418884788262176,35.62040965766122],[139.418824485687367,35.620304879694238],[139.418617333240888,35.619944787266867],[139.418444958314126,35.619672977052005],[139.41821769531407,35.619300597127392],[139.418108895878845,35.619096375256326],[139.418059126327961,35.619002954910208],[139.418047029521546,35.618852222249657],[139.418041746836366,35.618786429167415],[139.418062793783207,35.618619466186118],[139.418119585492946,35.618477310604142]]]]}},
{"type":"Feature","properties":{"KEY_CODE":"13224018003","PREF":"13","CITY":"224","S_AREA":"018003","PREF_NAME":"東京都","CITY_NAME":"多摩市","S_NAME":"鶴牧三丁目","KIGO_E":null,"HCODE":8101,"AREA":254631.58,"PERIMETER":2264.973,"R2KAxx":5180,"R2KAxx_ID":5179,"KIHON1":"0180","DUMMY1":"-","KIHON2":"03","KEYCODE1":"224018003","KEYCODE2":"224018003","AREA_MAX_F":"M","KIGO_D":null,"N_KEN":null,"N_CITY":null,"KIGO_I":null,"KBSUM":31,"JINKO":4245,"SETAI":1523,"X_CODE":139.420172,"Y_CODE":35.618005,"KCODE1":"0180-03","visited":0},"geometry":{"type":"MultiPolygon","coordinates":[[[[139.420957781705283,35.621289137690866],[139.421074331204721,35.621286468958374],[139.421496768121045,35.62131002380147],[139.421914628125876,35.621342961441272],[139.42239535308147,35.621369386879103],[139.422419179372866,35.620606516713579],[139.422455129654338,35.620002517221465],[139.422471373871815,35.619634071178986],[139.422430529857763,35.619274022191341],[139.422398909379467,35.619065898543447],[139.422396201910942,35.61904793125872],[139.422338966229177,35.618671629228146],[139.422265232107577,35.618208128820804],[139.422160138585582,35.617528158702925],[139.42215351854145,35.617406241260234],[139.422095778721655,35.617061697232025],[139.422061334091836,35.61693391003142],[139.422018905287501,35.616689624044199],[139.42195100414682,35.616308743237092],[139.421858772288772,35.615593889763794],[139.42185301446446,35.615455567059399],[139.421846208039767,35.615109471208171],[139.421865999277173,35.614983418096429],[139.420359305429315,35.614972009154691],[139.420343267545491,35.614971672095614],[139.41969210969549,35.614958212177932],[139.419678524943379,35.61495851775026],[139.419198772441007,35.614968915445274],[139.419097235754805,35.614967229318992],[139.418794737485541,35.614962248093455],[139.418306191784609,35.614913672102354],[139.418055887022746,35.614871652036364],[139.417789364591783,35.614780810123683],[139.417763508586887,35.614852900393629],[139.417701906448059,35.615024827628496],[139.417614120127126,35.61523208423629],[139.417548020089356,35.615398044958056],[139.417380075346188,35.615638439650546],[139.417243860284202,35.615813207506598],[139.416977343708822,35.616136285659806],[139.41694271645531,35.616178242578059],[139.418363659051948,35.617050373762325],[139.418607517066846,35.61719754094662],[139.419015801734105,35.617443896561795],[139.41885800789629,35.617597429109331],[139.41855166697863,35.617958471815136],[139.41854337705081,35.617968241722195],[139.418410969801499,35.618124280923183],[139.41823942168358,35.618317193220797],[139.418224116366616,35.618334402548577],[139.418119585492946,35.618477310604142],[139.41806279378315,35.618619466186111],[139.418041746836366,35.618786429167415],[139.418047029521546,35.618852222249657],[139.418059126327876,35.619002954910208],[139.418108895878845,35.619096375256326],[139.41821769531407,35.619300597127392],[139.418444958314126,35.619672977052005],[139.418617333240888,35.619944787266867],[139.418824485687367,35.620304879694238],[139.418884788262176,35.62040965766122],[139.419554824531502,35.621520802632524],[139.420028080341638,35.621398062914849],[139.420338282478639,35.621327190555341],[139.420471770565143,35.621310219986199],[139.420567239476441,35.621298080709693],[139.420957781705283,35.621289137690866]]]]}},
{"type":"Feature","properties":{"KEY_CODE":"13224018004","PREF":"13","CITY":"224","S_AREA":"018004","PREF_NAME":"東京都","CITY_NAME":"多摩市","S_NAME":"鶴牧四丁目","KIGO_E":null,"HCODE":8101,"AREA":92637.633,"PERIMETER":1227.824,"R2KAxx":5181,"R2KAxx_ID":5180,"KIHON1":"0180","DUMMY1":"-","KIHON2":"04","KEYCODE1":"224018004","KEYCODE2":"224018004","AREA_MAX_F":"M","KIGO_D":null,"N_KEN":null,"N_CITY":null,"KIGO_I":null,"KBSUM":7,"JINKO":742,"SETAI":313,"X_CODE":139.421184,"Y_CODE":35.613469,"KCODE1":"0180-04","visited":0},"geometry":{"type":"MultiPolygon","coordinates":[[[[139.421865999277173,35.614983418096429],[139.421969172969739,35.614598579135674],[139.421969838749192,35.614527458413043],[139.422159961296614,35.614163196386471],[139.422393545538654,35.613849396928103],[139.422609412742446,35.613618595132856],[139.422800022016446,35.613402600022077],[139.423270056376651,35.612853206963088],[139.423627435569955,35.612435570930479],[139.42289696406803,35.611992300222916],[139.422683528767465,35.611867002801965],[139.422603961194937,35.611844796396888],[139.421905674357987,35.611845620972495],[139.421870777240287,35.611848741189938],[139.421640389593762,35.61186784974322],[139.421439651582659,35.61194008310671],[139.420757894670771,35.612314603085395],[139.420232731030126,35.612630820317889],[139.419933444742611,35.612816159877518],[139.419775779295776,35.612921671491804],[139.419436892721251,35.61338566165611],[139.419213158835731,35.613777198474381],[139.419122434970291,35.614111833250227],[139.419097235754805,35.614967229318992],[139.419198772441007,35.614968915445274],[139.419678524943379,35.61495851775026],[139.41969210969549,35.614958212177932],[139.420343267545491,35.614971672095614],[139.420359305429315,35.614972009154691],[139.421865999277173,35.614983418096429]]]]}},
{"type":"Feature","properties":{"KEY_CODE":"13224018005","PREF":"13","CITY":"224","S_AREA":"018005","PREF_NAME":"東京都","CITY_NAME":"多摩市","S_NAME":"鶴牧五丁目","KIGO_E":null,"HCODE":8101,"AREA":270192.244,"PERIMETER":2712.95,"R2KAxx":5182,"R2KAxx_ID":5181,"KIHON1":"0180","DUMMY1":"-","KIHON2":"05","KEYCODE1":"224018005","KEYCODE2":"224018005","AREA_MAX_F":"M","KIGO_D":null,"N_KEN":null,"N_CITY":null,"KIGO_I":null,"KBSUM":24,"JINKO":1923,"SETAI":791,"X_CODE":139.421178,"Y_CODE":35.611359,"KCODE1":"0180-05","visited":0},"geometry":{"type":"MultiPolygon","coordinates":[[[[139.419097235754805,35.614967229318992],[139.419122434970291,35.614111833250227],[139.419213158835731,35.613777198474381],[139.419436892721251,35.61338566165611],[139.419775779295776,35.612921671491804],[139.419933444742611,35.612816159877518],[139.420232731030126,35.612630820317889],[139.420757894670771,35.612314603085395],[139.421439651582659,35.61194008310671],[139.421640389593762,35.61186784974322],[139.421870777240287,35.611848741189938],[139.421905674357987,35.611845620972495],[139.422603961194937,35.611844796396888],[139.422683528767465,35.611867002801965],[139.42289696406803,35.611992300222916],[139.423627435569955,35.612435570930479],[139.423662532466864,35.612418824840908],[139.42409761401575,35.611940221638697],[139.424283145232124,35.611720721821243],[139.424696799643357,35.611248628445722],[139.42508122455979,35.610817032634209],[139.425260637330382,35.610570188994387],[139.425464060971649,35.61021332737004],[139.426331233170743,35.6084486084956],[139.426298658681191,35.608419133973875],[139.425898784012958,35.608381236186148],[139.425376951662201,35.608331763153522],[139.424383436372267,35.608333926046676],[139.423204349835231,35.608632053972116],[139.422899889284736,35.608720696377972],[139.422440281622073,35.608913874124262],[139.422088349801328,35.609086785754172],[139.421243968977024,35.609590848651997],[139.418590284465324,35.61131311509039],[139.41759511794487,35.611984235987784],[139.417700047284654,35.612095647469211],[139.417404314359715,35.612259937169256],[139.417085143740991,35.612420589767488],[139.416627135310193,35.612605760767757],[139.416406271507924,35.612658340905831],[139.416160633653021,35.612732278144748],[139.415815925662457,35.612836045837916],[139.416156410320866,35.613544367297855],[139.416267489301788,35.613775443242346],[139.416338237760982,35.613860119575051],[139.416654229436517,35.61423830186218],[139.416689477119007,35.61426771764576],[139.417020102830918,35.614543703098335],[139.41769300982088,35.614835969129388],[139.417763508586887,35.614852900393629],[139.417789364591783,35.614780810123683],[139.418055887022746,35.614871652036364],[139.418306191784609,35.614913672102354],[139.418794737485541,35.614962248093455],[139.419097235754805,35.614967229318992]]]]}},
{"type":"Feature","properties":{"KEY_CODE":"13224018006","PREF":"13","CITY":"224","S_AREA":"018006","PREF_NAME":"東京都","CITY_NAME":"多摩市","S_NAME":"鶴牧六丁目","KIGO_E":null,"HCODE":8101,"AREA":165183.247,"PERIMETER":1634.729,"R2KAxx":5183,"R2KAxx_ID":5182,"KIHON1":"0180","DUMMY1":"-","KIHON2":"06","KEYCODE1":"224018006","KEYCODE2":"224018006","AREA_MAX_F":"M","KIGO_D":null,"N_KEN":null,"N_CITY":null,"KIGO_I":null,"KBSUM":19,"JINKO":1748,"SETAI":767,"X_CODE":139.414744,"Y_CODE":35.614915,"KCODE1":"0180-06","visited":0},"geometry":{"type":"MultiPolygon","coordinates":[[[[139.417380075346188,35.615638439650546],[139.417548020089356,35.615398044958056],[139.417614120127126,35.61523208423629],[139.417701906448059,35.615024827628496],[139.417763508586887,35.614852900393629],[139.41769300982088,35.614835969129388],[139.417020102830918,35.614543703098335],[139.416689477119007,35.61426771764576],[139.416654229436517,35.61423830186218],[139.416338237760982,35.613860119575051],[139.416267489301788,35.613775443242346],[139.416156410320866,35.613544367297855],[139.415815925662457,35.612836045837916],[139.414737689382946,35.612974138212472],[139.412926986887442,35.613271425136205],[139.412882343690086,35.613266234816514],[139.412545657182676,35.613335975178494],[139.412070133375636,35.613388221612205],[139.412031948285545,35.613910736014013],[139.411992970397336,35.614444127273593],[139.411969415700952,35.614766528029286],[139.411930104542478,35.615191050467203],[139.411934976232772,35.615511332020382],[139.41256112756767,35.615541224075059],[139.41292526582933,35.615558583318723],[139.412967254222082,35.61556059610789],[139.413063959541148,35.61559557753688],[139.413072180173401,35.615573776897904],[139.413219461896318,35.615634109956758],[139.413385532664279,35.615820169770771],[139.41346779895855,35.615829504582287],[139.4136078530357,35.616068182591633],[139.413730398021187,35.616200432182318],[139.413851099295044,35.616330633105562],[139.414244754524475,35.616757083212654],[139.414255430224159,35.61676866781842],[139.414534025719632,35.617041839225756],[139.414801353950594,35.617218775755639],[139.415137504221178,35.617271345843001],[139.415384126102225,35.617235372800188],[139.415473888479795,35.617196281950207],[139.415647322729825,35.617120724633068],[139.415935246296243,35.616969755973713],[139.416139209160178,35.616852896691562],[139.416226959882692,35.616802605594607],[139.416432825781243,35.616659450434078],[139.416737539079747,35.616380340980051],[139.41694271645531,35.616178242578059],[139.416977343708822,35.616136285659806],[139.417243860284202,35.615813207506598],[139.417380075346188,35.615638439650546]]]]}},
{"type":"Feature","properties":{"KEY_CODE":"13224019001","PREF":"13","CITY":"224","S_AREA":"019001","PREF_NAME":"東京都","CITY_NAME":"多摩市","S_NAME":"南野一丁目","KIGO_E":null,"HCODE":8101,"AREA":72461.033,"PERIMETER":1355.274,"R2KAxx":5184,"R2KAxx_ID":5183,"KIHON1":"0190","DUMMY1":"-","KIHON2":"01","KEYCODE1":"224019001","KEYCODE2":"224019001","AREA_MAX_F":"M","KIGO_D":null,"N_KEN":null,"N_CITY":null,"KIGO_I":null,"KBSUM":1,"JINKO":1,"SETAI":1,"X_CODE":139.440891,"Y_CODE":35.610365,"KCODE1":"0190-01","visited":0},"geometry":{"type":"MultiPolygon","coordinates":[[[[139.44320171211092,35.609206895502247],[139.443144533383702,35.609276008204702],[139.443108097945213,35.609320049958257],[139.443061474403578,35.609374881046648],[139.443043716917487,35.609394653316514],[139.442883103803723,35.609384141888512],[139.442826342634191,35.609380426567284],[139.442799625095574,35.609427210379522],[139.442780154968005,35.609443388450963],[139.442756403079926,35.60946312413688],[139.442711017870494,35.60949001727743],[139.442672412674796,35.609484483274478],[139.442658598090929,35.609476424395424],[139.442619582176974,35.609453665665043],[139.442528118242478,35.60942272181115],[139.442513708169486,35.609435294148959],[139.442339590723066,35.609517304285198],[139.44229134020847,35.609540029951198],[139.442244934000598,35.609549793044586],[139.442095860881437,35.609562828013715],[139.442055977299418,35.609593345024017],[139.441959817809249,35.6096200725041],[139.441779834343095,35.609633906968398],[139.441695622629908,35.609599822787551],[139.441602476618044,35.609562121372015],[139.44154070161386,35.609554709179903],[139.44148215051618,35.609565334609705],[139.441425699518931,35.609597599097917],[139.441386984438424,35.609614598797364],[139.441362701617663,35.609614519572133],[139.441359490855433,35.609614509096296],[139.441343938936598,35.609614458353576],[139.441169706667665,35.609580539415198],[139.441061309692458,35.609627056196359],[139.441011552533297,35.609644920857754],[139.440922007468942,35.609673471937327],[139.440838046509469,35.609688521390254],[139.440670241057916,35.609695183240191],[139.440467135153312,35.609697223190061],[139.440314825300561,35.609694922197022],[139.440174735931606,35.609676436687593],[139.440019186257075,35.609659703225006],[139.439866835419338,35.609665513964401],[139.439658203301462,35.609669337275243],[139.439395531573183,35.609663969468755],[139.439336964840663,35.609677297769622],[139.43931814649892,35.609712899735619],[139.439213298298199,35.609911244993221],[139.439105959020139,35.609966777619476],[139.439101977209845,35.609968207032992],[139.438946735068754,35.610023941013921],[139.438913639850455,35.61002022781922],[139.438843033439213,35.61001278415165],[139.438781453781871,35.609965712353649],[139.438720044836032,35.60988348628387],[139.438614699477029,35.609757852450947],[139.438502160110147,35.609748469078774],[139.43829255652139,35.609725246117968],[139.438227154773159,35.609773408031074],[139.438219443380035,35.609779087121723],[139.438189357342338,35.609836674154813],[139.438112107366862,35.609833716091977],[139.438110118592704,35.609825779212265],[139.438072387265436,35.60982340994164],[139.437959769209272,35.610769288930754],[139.439455516195153,35.610931868904679],[139.441264200698157,35.611158511633839],[139.443028358347902,35.611384700784825],[139.443036321059992,35.611405570658476],[139.443204096851048,35.609228564086507],[139.44320171211092,35.609206895502247]]]]}},
{"type":"Feature","properties":{"KEY_CODE":"13224019002","PREF":"13","CITY":"224","S_AREA":"019002","PREF_NAME":"東京都","CITY_NAME":"多摩市","S_NAME":"南野二丁目","KIGO_E":null,"HCODE":8101,"AREA":323897.316,"PERIMETER":3237.394,"R2KAxx":5185,"R2KAxx_ID":5184,"KIHON1":"0190","DUMMY1":"-","KIHON2":"02","KEYCODE1":"224019002","KEYCODE2":"224019002","AREA_MAX_F":"M","KIGO_D":null,"N_KEN":null,"N_CITY":null,"KIGO_I":null,"KBSUM":14,"JINKO":968,"SETAI":495,"X_CODE":139.433195,"Y_CODE":35.608391,"KCODE1":"0190-02","visited":0},"geometry":{"type":"MultiPolygon","coordinates":[[[[139.437959769209243,35.610769288930769],[139.438072387265407,35.609823409941626],[139.438110118592647,35.609825779212265],[139.438091539127498,35.609751625688169],[139.438089486650938,35.609746778761767],[139.43805444250853,35.609664071325504],[139.438041334067975,35.609636085790235],[139.43800739655498,35.609579188722833],[139.437993410880267,35.609559852973071],[139.437974590671899,35.609533836307293],[139.43797341097661,35.609532206196974],[139.437876768506726,35.60943273881751],[139.437923424870007,35.609380177505528],[139.437924756729331,35.609378676692749],[139.43792782487813,35.609375220328104],[139.437977768823401,35.609319500430914],[139.437936802150659,35.609121066991705],[139.437874393938898,35.609018106615999],[139.437799880415156,35.608907896701169],[139.43771644029755,35.608817486214051],[139.4375879847764,35.608678253313649],[139.437503591814504,35.608596059798138],[139.437497908274054,35.60859052476993],[139.437425408543248,35.608519980157674],[139.437383687188941,35.608474774818077],[139.437299477717971,35.608316759742969],[139.437232659487989,35.608212883356067],[139.43717789029418,35.608127974947557],[139.437102235754082,35.608025872176427],[139.437021247431971,35.607885894619272],[139.436974417466274,35.607798626863392],[139.436944688601017,35.607743227649394],[139.436882505082252,35.607595199575321],[139.436773390978459,35.607339755314904],[139.436704537061388,35.607201620388118],[139.436643303452939,35.6070851428384],[139.436620638119393,35.607050288373216],[139.436602771958661,35.607022815644548],[139.436506379685227,35.606873773258357],[139.436389157991499,35.606695818408255],[139.436297175834454,35.606547691545686],[139.436259802016622,35.606516922197876],[139.436214691161354,35.606487929544265],[139.436154116050204,35.606461589722976],[139.436089113830604,35.606437939749775],[139.435935866021083,35.606403181513336],[139.435695452853594,35.606362726179654],[139.4355025128188,35.606319723584917],[139.435404420517756,35.606291456885636],[139.43533947669809,35.606256088598201],[139.435285630531723,35.606208138350986],[139.435225270286566,35.60613853367461],[139.435181367525445,35.606088813495511],[139.435138465522641,35.606059828850171],[139.435087820272543,35.606034421978904],[139.435013916353796,35.606025163429138],[139.434842846042159,35.606023695079308],[139.434724762540526,35.606020599447127],[139.434650900274789,35.606003228365807],[139.434589221256687,35.605976885184603],[139.434549617778544,35.605950613587559],[139.434526520043619,35.605934312584914],[139.434502418648691,35.605898178248744],[139.434476273243405,35.605828686746435],[139.434464540560356,35.605746624942249],[139.434468396694996,35.605636671337997],[139.434481964053418,35.605571818447068],[139.43449550252231,35.605512374490061],[139.434524624122275,35.605426842084427],[139.434583777569031,35.605294538031153],[139.434321090159756,35.605343993311187],[139.434310904399439,35.605345910852648],[139.434254990092001,35.605492646966461],[139.434169016090721,35.605691563521802],[139.434045225188527,35.605948941443195],[139.433970712751716,35.606062265635018],[139.43389956483739,35.606164785061871],[139.433854201278507,35.606187168744455],[139.433763603390588,35.606205796869702],[139.433621082621499,35.606234168091483],[139.433429993355389,35.606263279215135],[139.433062213171837,35.606311633626284],[139.432749680712845,35.606347551779507],[139.432452599451921,35.606383519941772],[139.432419411834758,35.606398732804905],[139.432318676248144,35.606508448941113],[139.43222964355752,35.606605414137626],[139.431951208156249,35.606885711540151],[139.431856865655647,35.606990857047052],[139.431621382031835,35.60728932273642],[139.431576164544765,35.607313896721813],[139.431308173076843,35.607459536943097],[139.431168018520424,35.607455464465687],[139.431022503352807,35.607419825849526],[139.43083195736628,35.607339870523226],[139.43061595344119,35.607274251384297],[139.430503492292218,35.607250440630438],[139.43050212763967,35.607250938904365],[139.430453326820441,35.607268750762429],[139.430245864376928,35.607341518878194],[139.430237650919253,35.607348252708277],[139.430153875927658,35.60741692454701],[139.429685473596351,35.607500085334991],[139.429668904201776,35.607502733831012],[139.429653361895959,35.607505030919533],[139.429609257724394,35.607511547718559],[139.42960256319671,35.607525946815656],[139.429600233319064,35.607550275797529],[139.429597921559747,35.607570999186834],[139.429594506341203,35.607591719981563],[139.429592199113273,35.607611541147328],[139.429588797485849,35.607629556922213],[139.429586499309949,35.607647576391855],[139.429584205661683,35.607664694738325],[139.429581916543924,35.607680911411578],[139.429579637153779,35.607695326391102],[139.42957847867217,35.607706137820458],[139.429578460551369,35.607709743412762],[139.429569535768792,35.60772864183069],[139.429560642690547,35.607741231286617],[139.429550645478486,35.607753817594578],[139.429512938036481,35.607789745646045],[139.429502958937775,35.607798725807527],[139.429492979836766,35.607807705968135],[139.429481892750772,35.607817583005016],[139.429467490085898,35.607828351174085],[139.429453082886766,35.607840020464373],[139.429437567017828,35.607852588277737],[139.429418727188988,35.607867847268601],[139.429404332897093,35.607876812631638],[139.429388826754405,35.60788757709458],[139.429372211946003,35.607899238979435],[139.429355610729658,35.607908196942944],[139.429340112966429,35.607917158601218],[139.42932351174278,35.607926116560257],[139.429308019177995,35.607934177093668],[139.429293629390941,35.607942241870425],[139.429275920169829,35.607952096698121],[139.42920287949778,35.607990610208958],[139.429125391827483,35.608035418385128],[139.429118755450446,35.608038100102696],[139.429089981687298,35.608053326839929],[139.428991522775107,35.608098064620641],[139.42883760564871,35.608196697780294],[139.428689228824197,35.608290842543376],[139.428670840857933,35.60830408059811],[139.428649349461381,35.608319552277081],[139.428592858907791,35.608359023201608],[139.428558520847787,35.608383243617723],[139.428479882854191,35.608437061102869],[139.428456650203827,35.608447799503544],[139.428433449350763,35.608452228388792],[139.428403634776402,35.60845483223283],[139.428377135809541,35.608456546066648],[139.428358607310685,35.608456483838083],[139.428355061134965,35.608456471927795],[139.428346231399871,35.608456442271603],[139.428335203152045,35.608454602403839],[139.42832527836336,35.608452767341795],[139.428318674413134,35.608449138956487],[139.428293352304365,35.608436434662792],[139.428266935154539,35.608421924408667],[139.428230625732937,35.608399268469888],[139.428193203102865,35.608378411606225],[139.428157997859017,35.608355759355284],[139.428140180170089,35.608344066656464],[139.428087590627655,35.608309553148707],[139.428072201774,35.608296882744206],[139.428061223570865,35.608285128850589],[139.428052439329207,35.608276085744414],[139.428041579374593,35.608240895504586],[139.428035130067542,35.608206622327515],[139.428012050839214,35.608087752963051],[139.427997477330138,35.608012703756451],[139.427981791031357,35.607921215213217],[139.427981394426865,35.607918908220661],[139.427978206184491,35.60789456072159],[139.427977161180223,35.607882839662103],[139.427976121394323,35.607870218032168],[139.427976189617254,35.607856697888685],[139.427976257840072,35.607843177745153],[139.427978620066369,35.607812538737562],[139.427979104818519,35.6078076567266],[139.427982108483349,35.607777397274837],[139.427984507080879,35.607739549283878],[139.427988013687752,35.607700801678661],[139.427989271772276,35.607670160058618],[139.427990521435618,35.607641320686469],[139.4279895537492,35.607614276686661],[139.427989671993203,35.607590842540382],[139.42798864131359,35.60757641646363],[139.427987609955153,35.607561991484843],[139.427986574723747,35.607548467631169],[139.427984449008449,35.607532236697018],[139.427980134590825,35.607512391651625],[139.427975828595748,35.607490744357982],[139.427971527149992,35.607468195941209],[139.427965036995005,35.607442035613253],[139.427956402957392,35.607403247191165],[139.427947778019899,35.607362657072549],[139.427938058061102,35.607320261545247],[139.427928351763398,35.607275160997617],[139.427925145371148,35.607254417986475],[139.427925199950153,35.607243602860855],[139.427926358658311,35.607232789797088],[139.427927553078263,35.607214766647253],[139.427929874360956,35.607192240494605],[139.427933326381577,35.607164309663617],[139.427939013249329,35.607130979516818],[139.427945839949672,35.607090441344958],[139.427973716533756,35.606815620774121],[139.42797980813657,35.606702069219715],[139.427984464281252,35.606654312988965],[139.427998035682691,35.606589460698125],[139.428017299073304,35.60649037602947],[139.428030031401335,35.606373242235051],[139.4280325747674,35.606306551141437],[139.428027201767378,35.606277688951295],[139.4280152295579,35.606244298336108],[139.427999954808286,35.606209093791001],[139.427977994458757,35.606186486006891],[139.427950529257288,35.606161155746314],[139.427852627764537,35.606095928645921],[139.427620452057738,35.605955437103333],[139.427613838560973,35.605946543203487],[139.427599623301376,35.605927425126175],[139.427579923983728,35.605900805513315],[139.42678600933337,35.607461254735838],[139.426682147128219,35.607665400149862],[139.426298658681191,35.608419133973875],[139.426331233170743,35.6084486084956],[139.426788573476585,35.608564687231073],[139.428169989862766,35.608915268917414],[139.428181702361712,35.608918230644903],[139.429440672450539,35.609236485488829],[139.4294726674093,35.60924458516596],[139.430217986558375,35.609446786872802],[139.430458762317215,35.609512094461259],[139.431142299138827,35.609697499858513],[139.431174503193745,35.609706832654865],[139.432698563113291,35.610148923767341],[139.434580918585027,35.61038684348533],[139.434693248798425,35.610410629756977],[139.43504540638358,35.610457886285324],[139.436482411847066,35.610629848828658],[139.437237206664832,35.610710256959258],[139.43795731788822,35.61080304654655],[139.437959769209243,35.610769288930769]]]]}},
{"type":"Feature","properties":{"KEY_CODE":"13224019003","PREF":"13","CITY":"224","S_AREA":"019003","PREF_NAME":"東京都","CITY_NAME":"多摩市","S_NAME":"南野三丁目","KIGO_E":null,"HCODE":8101,"AREA":176129.077,"PERIMETER":3841.352,"R2KAxx":5186,"R2KAxx_ID":5185,"KIHON1":"0190","DUMMY1":"-","KIHON2":"03","KEYCODE1":"224019003","KEYCODE2":"224019003","AREA_MAX_F":"M","KIGO_D":null,"N_KEN":null,"N_CITY":null,"KIGO_I":null,"KBSUM":11,"JINKO":914,"SETAI":389,"X_CODE":139.420923,"Y_CODE":35.609637,"KCODE1":"0190-03","visited":0},"geometry":{"type":"MultiPolygon","coordinates":[[[[139.412545657182676,35.613335975178494],[139.412882343690114,35.613266234816535],[139.412926986887442,35.613271425136205],[139.414737689382946,35.612974138212472],[139.415815925662457,35.612836045837916],[139.416160633653021,35.612732278144748],[139.416406271507952,35.612658340905831],[139.416627135310193,35.612605760767757],[139.417085143740991,35.612420589767488],[139.417404314359715,35.612259937169256],[139.417700047284654,35.612095647469211],[139.41759511794487,35.611984235987784],[139.418590284465324,35.61131311509039],[139.421243968977024,35.609590848651997],[139.422088349801328,35.609086785754172],[139.422440281622073,35.608913874124262],[139.422899889284736,35.608720696377972],[139.423204349835231,35.608632053972116],[139.424383436372267,35.608333926046676],[139.425376951662201,35.608331763153522],[139.425898784012958,35.608381236186148],[139.426298658681191,35.608419133973875],[139.426682147128219,35.607665400149862],[139.42678600933337,35.607461254735838],[139.427579923983728,35.605900805513315],[139.427532752588689,35.605837064247304],[139.427525715603878,35.605827459779583],[139.427287789292677,35.605804586414258],[139.427084235380477,35.605866891346388],[139.426921033882422,35.6058868321049],[139.426787591048992,35.605862440475448],[139.426612828511992,35.605841075418546],[139.426399589860864,35.605815008003773],[139.426208523716866,35.605795245476045],[139.42603987483497,35.605877663182881],[139.425937621241133,35.606003225703219],[139.425618448256557,35.606189601282836],[139.425508831676808,35.606253628416148],[139.425259499647467,35.606355807304809],[139.425234211661632,35.606369101258217],[139.424999472597477,35.606492314845518],[139.424837487419069,35.606654889393084],[139.424745274574946,35.606991812347218],[139.42474408506547,35.606996809139545],[139.424608155285398,35.607147289766864],[139.424524178425997,35.607170524415899],[139.424224318297689,35.607195633494896],[139.423930811446326,35.607149745119131],[139.423702019033101,35.607137983506952],[139.42369258145186,35.607137493731571],[139.423399317153212,35.607154136616685],[139.422936317349723,35.607236536226331],[139.422692794776481,35.607407600277803],[139.42268225822346,35.607419006877926],[139.422522232150612,35.607601338502214],[139.422441101675275,35.607725598551035],[139.422457760156789,35.607924586786694],[139.422480898143334,35.608003465136235],[139.422346351764531,35.60806817915136],[139.422339564708807,35.608071429938661],[139.422271360358451,35.608104258487955],[139.42221700956685,35.608159952052596],[139.422126632872789,35.608271114960864],[139.422120252643538,35.60827898009191],[139.422112112916949,35.608285501269911],[139.421845124412471,35.608499966001716],[139.421737457284394,35.608644486895209],[139.421639737084888,35.608799390097154],[139.421542988344811,35.608841100804916],[139.421527345182,35.608847842876337],[139.42097484035088,35.608927255916598],[139.420803387098601,35.609002225869475],[139.420789370574397,35.609008355036913],[139.420787081841382,35.609012201539976],[139.420720094173362,35.60937522004658],[139.420707610456674,35.609441878140075],[139.420651812491371,35.609775190096066],[139.420522237184912,35.60985947583],[139.420390402584616,35.609739143620331],[139.420342870477953,35.609717095248286],[139.420267073745151,35.609681936525327],[139.420106107049946,35.609788570311075],[139.419830784220892,35.609952583830697],[139.419539003953588,35.610147841979305],[139.419515145681544,35.610158569512784],[139.419469769059447,35.610178940543314],[139.419338705679479,35.610243629236265],[139.419297162672081,35.61025647909802],[139.41920174025222,35.610299353840695],[139.419122822123427,35.610310455883898],[139.419011974664613,35.610326024483129],[139.418877302973357,35.610329894376392],[139.418819108800506,35.610343259097874],[139.41877025808688,35.610342011533497],[139.418349635410294,35.610357693396239],[139.418165073513649,35.610402127175782],[139.418116401714798,35.610422691028987],[139.4180124276821,35.610464697570492],[139.417860763875098,35.610550706247409],[139.417714506636855,35.610658366155945],[139.417908969373883,35.610833898760013],[139.41792650957558,35.610857394171077],[139.417938524241265,35.610881772268279],[139.41794065731969,35.610896202215805],[139.417936078779519,35.610927734012741],[139.417923779028541,35.610958337020691],[139.417905959720429,35.61098892214725],[139.417879306352489,35.611020378029444],[139.417850453933454,35.611050023516206],[139.417822710334832,35.611078771671544],[139.417796066233336,35.611108424740678],[139.417772727962216,35.611138991414009],[139.417756040727909,35.611164171382512],[139.41772490656416,35.61120823050225],[139.417441868423936,35.611724636689864],[139.417403960680218,35.61174378442572],[139.416988119968437,35.611953821799155],[139.416847170872643,35.611888438994072],[139.416818482071278,35.61188653670331],[139.416290889373954,35.612093832751832],[139.416183760841307,35.612105179895998],[139.416163845921716,35.612114124728137],[139.41607642740243,35.612156187405731],[139.415929581269495,35.612224035821868],[139.415859558423421,35.612256389490319],[139.415770494029232,35.612190282486665],[139.41570536546584,35.612190959589178],[139.415671157637377,35.612189037944283],[139.415636972592608,35.612182610117983],[139.41560280699079,35.612172577789103],[139.415566466540696,35.612156226648224],[139.415531248386202,35.612136275918154],[139.41550047384348,35.61211093040631],[139.415471934512112,35.612080185778133],[139.415446754045917,35.612040438611146],[139.415420531783298,35.611988970263567],[139.415394312226027,35.611936600779615],[139.415366938220075,35.611894142036995],[139.41533840036368,35.611863397382976],[139.415309827643114,35.611838961682409],[139.415276845574027,35.611813609576387],[139.41523833990982,35.611789139485047],[139.415189887202644,35.611767338922682],[139.41512708344581,35.611745489211479],[139.41504994074873,35.611721786440548],[139.41495517475704,35.611690812367918],[139.414843890383281,35.61165256967999],[139.414710573468284,35.611606139183962],[139.414634721781425,35.611580512910464],[139.414559617924596,35.611555138975618],[139.414399851796105,35.611500503532497],[139.414239733121207,35.61151346854102],[139.414105010624183,35.611524718644191],[139.414059733041199,35.611529068303092],[139.414010034680331,35.611534304288995],[139.413916133307822,35.611549302071083],[139.413804509100402,35.61157595524346],[139.413675173325203,35.611612461007518],[139.413554663509615,35.611649899540161],[139.413457371151821,35.611680207329805],[139.413378845854169,35.611709680241866],[139.413302492488299,35.611746369771652],[139.413222783342746,35.611791160590201],[139.413144154699381,35.611840461911591],[139.413067739055208,35.61188887028927],[139.412991303767626,35.611940882557015],[139.412911500485592,35.612003700029874],[139.412828338618567,35.612075519353397],[139.412742940540994,35.612152739869146],[139.412756614338633,35.612196031174385],[139.412588226374368,35.612231958560649],[139.412076883491039,35.612045362196973],[139.411937171648589,35.612055578652082],[139.412070133375636,35.613388221612205],[139.412545657182676,35.613335975178494]]]]}},
{"type":"Feature","properties":{"KEY_CODE":"132240210","PREF":"13","CITY":"224","S_AREA":"021003","PREF_NAME":"東京都","CITY_NAME":"多摩市","S_NAME":"和田","KIGO_E":null,"HCODE":8101,"AREA":71357.332,"PERIMETER":2112.526,"R2KAxx":5187,"R2KAxx_ID":5186,"KIHON1":"0210","DUMMY1":"-","KIHON2":"03","KEYCODE1":"224021003","KEYCODE2":"2240210","AREA_MAX_F":"M","KIGO_D":null,"N_KEN":null,"N_CITY":null,"KIGO_I":null,"KBSUM":15,"JINKO":891,"SETAI":517,"X_CODE":139.433057,"Y_CODE":35.635856,"KCODE1":"0210-03","visited":0},"geometry":{"type":"MultiPolygon","coordinates":[[[[139.436188975323773,35.63610176073994],[139.436209570761605,35.636001552690992],[139.436231227991101,35.635782409673055],[139.43627703029486,35.635477928077748],[139.435668108090681,35.635411560814212],[139.435086332590316,35.635358728939252],[139.434139020004693,35.635265076145572],[139.433760181973327,35.635253823533368],[139.432704751219518,35.635253421847345],[139.43262612120671,35.635262633236707],[139.431651715162445,35.635171827566793],[139.431192875478331,35.635115691299625],[139.431123304473459,35.635099014993578],[139.430408701507218,35.635044733623225],[139.430103292951998,35.634977307431519],[139.430034537008368,35.634962114211589],[139.429417525039895,35.63486716811655],[139.429398039810593,35.635002307213178],[139.429416223662543,35.635185349968239],[139.429379412909924,35.635284236848122],[139.42956186538504,35.635606625511215],[139.429662369932913,35.63578427761712],[139.429802475993796,35.635737459869389],[139.429955252054441,35.635693183630146],[139.430254490076862,35.635838683539674],[139.430328793879653,35.635858015199986],[139.430319563138738,35.635497721872113],[139.430629924225371,35.635480907248549],[139.430650662773161,35.635413445281515],[139.43072915495992,35.635371489382031],[139.430742899289413,35.63539981006722],[139.431099923466263,35.635366671324661],[139.430968532461094,35.635954547347858],[139.430961181811455,35.636569529404021],[139.430959465332108,35.63671320815557],[139.430983948285643,35.636716389312788],[139.431292161469486,35.636595205317498],[139.431325459937483,35.636620843673725],[139.43173290980269,35.636742685407562],[139.431975054420889,35.636723669040428],[139.432127463798054,35.636743821028638],[139.432082807514462,35.636548506319528],[139.432090695917424,35.636523675788112],[139.432566351666196,35.636460786594391],[139.432505849587614,35.636243273647672],[139.432471182200288,35.636069049537376],[139.432553176232432,35.63604196136837],[139.432764313655468,35.636134596326748],[139.432927307042661,35.636124537497167],[139.433210778148435,35.636250825354757],[139.433379303745994,35.636291205792745],[139.433348367789534,35.63637958289695],[139.433532664123419,35.636449416343218],[139.433641131899265,35.636545473142917],[139.433828533970768,35.636424446712681],[139.433881828421647,35.636479268123246],[139.43396554702997,35.63651334620905],[139.433992413159729,35.636445021008626],[139.434083538744233,35.636317302146914],[139.434194697986158,35.636322879699883],[139.434192188168169,35.636263860970061],[139.43425800105743,35.636109052644827],[139.434190517735004,35.636036825131178],[139.434233058950952,35.635981580850853],[139.434344263389704,35.635804916697623],[139.43438181179647,35.635739128805],[139.43466934409858,35.635646774608347],[139.434742261546972,35.635736658638734],[139.434811209996042,35.635697100260373],[139.434912436476736,35.635811131194963],[139.434921949342055,35.635818323865223],[139.435093466915532,35.635710918676892],[139.435282915441462,35.635732914714467],[139.435249690033828,35.635918922058025],[139.435127316848252,35.636069533139974],[139.435058624889024,35.636083458445768],[139.434923374923756,35.636055726378075],[139.434893772109234,35.636198191550072],[139.434891805961286,35.636576262618718],[139.435115716792211,35.636615837736777],[139.435220034109932,35.63673195132381],[139.435426277903218,35.637029024040345],[139.435483337245699,35.637073047986448],[139.435701004797835,35.63717189421768],[139.435856147703987,35.637127514787515],[139.435849894210719,35.637110275093491],[139.436040463689949,35.63708027084688],[139.436159033547113,35.636452101908205],[139.436148182387996,35.636309291533706],[139.436188975323773,35.63610176073994]]]]}},
{"type":"Feature","properties":{"KEY_CODE":"13224022001","PREF":"13","CITY":"224","S_AREA":"022001","PREF_NAME":"東京都","CITY_NAME":"多摩市","S_NAME":"愛宕一丁目","KIGO_E":null,"HCODE":8101,"AREA":158104.489,"PERIMETER":2151.537,"R2KAxx":5188,"R2KAxx_ID":5187,"KIHON1":"0220","DUMMY1":"-","KIHON2":"01","KEYCODE1":"224022001","KEYCODE2":"224022001","AREA_MAX_F":"M","KIGO_D":null,"N_KEN":null,"N_CITY":null,"KIGO_I":null,"KBSUM":11,"JINKO":620,"SETAI":339,"X_CODE":139.432925,"Y_CODE":35.634089,"KCODE1":"0220-01","visited":0},"geometry":{"type":"MultiPolygon","coordinates":[[[[139.43627703029486,35.635477928077748],[139.43637932112955,35.634887908512184],[139.436440320043062,35.634771671647101],[139.43659159601097,35.634497113222835],[139.436937796020146,35.633790225026964],[139.437065078768114,35.633526290864843],[139.437146628937114,35.633003734680372],[139.437100499574001,35.632999780592478],[139.436310504886876,35.632932046926506],[139.435996044279818,35.63296889760089],[139.4359404900475,35.632995965589814],[139.435754805449648,35.633086406404296],[139.43528812089545,35.633458333169081],[139.435037474347894,35.633610948179076],[139.434716930672806,35.633665027625682],[139.434122997611212,35.633613948061821],[139.433641667710589,35.633564116744914],[139.433339579272655,35.633540828767252],[139.433097636508904,35.633478199330213],[139.43234819762182,35.633216956695811],[139.43186770917481,35.632982483499973],[139.431840560696628,35.63296922540362],[139.431281520748882,35.632669421398425],[139.430767834448005,35.632399835961664],[139.430666561639043,35.632368452677674],[139.430651232494995,35.632363701612263],[139.430455212165128,35.632262996382039],[139.430210761463258,35.632132383655438],[139.43020411074599,35.632128807483028],[139.429918969262474,35.631975472981019],[139.429858153319202,35.631942781771251],[139.429684435822338,35.631849399107097],[139.429591938999408,35.631800416426543],[139.429575318980085,35.631791497384164],[139.429476499598763,35.631926214102521],[139.429497097089097,35.631998391422826],[139.429693119084391,35.632099994453988],[139.42978747306546,35.632213895147977],[139.429829443114329,35.63221223873024],[139.429847747724409,35.632303317976138],[139.429896799986096,35.632454317550646],[139.429937348567165,35.632495612944936],[139.430054022281439,35.632561810477632],[139.429802960619099,35.632941232950692],[139.429777515454617,35.632975512256536],[139.429815543402299,35.633218092101579],[139.429832929570892,35.633427876458782],[139.429833253167232,35.633431786490483],[139.429706385603993,35.633630563367319],[139.429663672925159,35.633780948095719],[139.429628551538912,35.633830649791541],[139.429617824722527,35.633829405780318],[139.429555306189542,35.634031156978146],[139.429253777861248,35.633973636490261],[139.429127315991053,35.633949516991542],[139.429081678653006,35.634130517361456],[139.42908022630121,35.634136287398476],[139.428999600833009,35.634456000885791],[139.428988711198627,35.634494517660372],[139.428904490913993,35.63479154413902],[139.429417525039895,35.634867168116578],[139.430034537008368,35.634962114211589],[139.430103292952055,35.634977307431519],[139.430408701507218,35.635044733623225],[139.431123304473459,35.635099014993578],[139.431192875478331,35.635115691299625],[139.431651715162445,35.635171827566793],[139.43262612120671,35.635262633236707],[139.432704751219518,35.635253421847345],[139.433760181973327,35.635253823533368],[139.434139020004693,35.635265076145572],[139.435086332590316,35.635358728939252],[139.435668108090681,35.635411560814212],[139.43627703029486,35.635477928077748]]]]}},
{"type":"Feature","properties":{"KEY_CODE":"13224022002","PREF":"13","CITY":"224","S_AREA":"022002","PREF_NAME":"東京都","CITY_NAME":"多摩市","S_NAME":"愛宕二丁目","KIGO_E":null,"HCODE":8101,"AREA":150632.855,"PERIMETER":1730.238,"R2KAxx":5189,"R2KAxx_ID":5188,"KIHON1":"0220","DUMMY1":"-","KIHON2":"02","KEYCODE1":"224022002","KEYCODE2":"224022002","AREA_MAX_F":"M","KIGO_D":null,"N_KEN":null,"N_CITY":null,"KIGO_I":null,"KBSUM":13,"JINKO":857,"SETAI":443,"X_CODE":139.439181,"Y_CODE":35.634543,"KCODE1":"0220-02","visited":0},"geometry":{"type":"MultiPolygon","coordinates":[[[[139.440611824049597,35.633252444262538],[139.439725751471514,35.633119317825113],[139.439629101073109,35.63314551511295],[139.439452335049538,35.633089237065597],[139.439324519540833,35.633111988035829],[139.439315804814782,35.633007035252454],[139.439219159776911,35.633005804717392],[139.439122505751527,35.633006403859945],[139.438785629570134,35.63301498531068],[139.438783866492372,35.633005296979917],[139.438757372353422,35.632858774737372],[139.4388108056921,35.632815501155839],[139.439024643082377,35.632682546683569],[139.438979754064832,35.632496881468683],[139.438897287037889,35.632445557808104],[139.438917180260347,35.632372845707778],[139.438849430431759,35.63238945426221],[139.438724860711801,35.632524250726142],[139.438499021954385,35.632589458945624],[139.438319689174079,35.632660452518977],[139.43808589083568,35.63265172951936],[139.437942895311068,35.632551794036971],[139.43769749652472,35.632516554822772],[139.437574817409171,35.632555904371422],[139.437440096927958,35.632728198914862],[139.437184928153073,35.632662611377881],[139.437147035192254,35.632999933404228],[139.437146628937114,35.633003734680372],[139.437065078768114,35.633526290864843],[139.436937796020146,35.633790225026964],[139.43659159601097,35.634497113222835],[139.436440320043062,35.634771671647101],[139.43637932112955,35.634887908512184],[139.43627703029486,35.635477928077748],[139.437362748125054,35.635607052662223],[139.438174269353368,35.635723262636184],[139.438502999288858,35.635838593171968],[139.438742006432761,35.636000282427638],[139.439216368876515,35.636470856343962],[139.440051515940837,35.636327462163166],[139.440415110104937,35.636256044876305],[139.44053955847761,35.636243669027024],[139.440754703739771,35.63615335400398],[139.441559586634156,35.635661488209166],[139.442355159156847,35.63517529245518],[139.441923717457001,35.635054920705926],[139.441950114108579,35.634948852229329],[139.4419875240024,35.634901121805989],[139.4419198483088,35.634778479816589],[139.441824159445645,35.634642332672151],[139.441824085189324,35.634604939511128],[139.441898462622902,35.63451170043426],[139.44193879259268,35.634360464993172],[139.442002648780516,35.634121080456524],[139.441770036395468,35.634031758273096],[139.441785644139856,35.634001163545655],[139.441811274890739,35.633952572479203],[139.441757284374745,35.633929863273046],[139.441595278473159,35.633868946169926],[139.441498973240073,35.633832831575084],[139.441498295202507,35.633832576855923],[139.441239253794834,35.633746106143221],[139.441057454640514,35.633668899612161],[139.440894394490584,35.633598063384696],[139.440811773606953,35.633559937392164],[139.440803223160998,35.633545094123086],[139.440782898911692,35.633538163822664],[139.440611824049597,35.633252444262538]]]]}},
{"type":"Feature","properties":{"KEY_CODE":"13224022003","PREF":"13","CITY":"224","S_AREA":"022003","PREF_NAME":"東京都","CITY_NAME":"多摩市","S_NAME":"愛宕三丁目","KIGO_E":null,"HCODE":8101,"AREA":60248.412,"PERIMETER":1734.862,"R2KAxx":5190,"R2KAxx_ID":5189,"KIHON1":"0220","DUMMY1":"-","KIHON2":"03","KEYCODE1":"224022003","KEYCODE2":"224022003","AREA_MAX_F":"M","KIGO_D":null,"N_KEN":null,"N_CITY":null,"KIGO_I":null,"KBSUM":12,"JINKO":734,"SETAI":449,"X_CODE":139.433092,"Y_CODE":35.632595,"KCODE1":"0220-03","visited":0},"geometry":{"type":"MultiPolygon","coordinates":[[[[139.4359404900475,35.632995965589814],[139.435996044279818,35.63296889760089],[139.436310504886876,35.632932046926506],[139.437100499574001,35.632999780592478],[139.437146628937114,35.633003734680372],[139.437147035192254,35.632999933404228],[139.437184928153073,35.632662611377881],[139.437173880603922,35.632445615057151],[139.437045366381483,35.63249652825305],[139.436950289708875,35.632509701114039],[139.436810179418956,35.63248079210873],[139.436731411975074,35.632483736713588],[139.436651991468125,35.632426999802341],[139.436526635106674,35.632414757237804],[139.436406397677302,35.632431367852185],[139.436402691754068,35.632457164124062],[139.435991981705968,35.632378457789819],[139.435871618987022,35.632420347787146],[139.435918264092578,35.632789988556929],[139.435921003264156,35.632811650790103],[139.435485027258693,35.632861936549176],[139.435371867142067,35.632738400972755],[139.435310579489055,35.632764923272191],[139.435317547199958,35.632829625877733],[139.43530141693239,35.632968896707503],[139.434637727969317,35.632922305306671],[139.434468355149505,35.632828194177904],[139.434418727827108,35.632938236026568],[139.434295396757079,35.632952404886744],[139.433788220437265,35.632836578338406],[139.433904425275159,35.632599368994619],[139.43375742942851,35.632593424854669],[139.433619636640344,35.632567090123644],[139.432985453384219,35.63235556212522],[139.432912662830603,35.632526508694333],[139.432794007031816,35.632502524575692],[139.43256674102858,35.632403464743284],[139.432622527583078,35.632183274357487],[139.43260303128767,35.632175111995188],[139.432628862800726,35.632158297269086],[139.432003055213187,35.631851515096244],[139.431904299933052,35.631694680171449],[139.431717466173922,35.631523117235659],[139.431632249054786,35.631444914546762],[139.431697794847565,35.631412142085082],[139.431671523481413,35.631379133269924],[139.431554562228342,35.631232378269445],[139.431220217979529,35.631012402599069],[139.43083482580289,35.631090655574148],[139.430535080045246,35.631504844809463],[139.430623516037087,35.631551475632818],[139.430444292439887,35.63181466688556],[139.430233611502075,35.63208930038811],[139.43020411074599,35.632128807483028],[139.430210761463258,35.632132383655438],[139.430455212165128,35.632262996382039],[139.430651232494995,35.632363701612263],[139.430666561639043,35.632368452677674],[139.430767834448005,35.632399835961664],[139.431281520748882,35.632669421398425],[139.431840560696628,35.63296922540362],[139.43186770917481,35.632982483499973],[139.43234819762182,35.633216956695811],[139.433097636508904,35.633478199330213],[139.433339579272655,35.633540828767252],[139.433641667710589,35.633564116744914],[139.434122997611212,35.633613948061821],[139.434716930672806,35.633665027625682],[139.435037474347894,35.633610948179076],[139.43528812089545,35.633458333169081],[139.435754805449648,35.633086406404296],[139.4359404900475,35.632995965589814]]]]}},
{"type":"Feature","properties":{"KEY_CODE":"13224022004","PREF":"13","CITY":"224","S_AREA":"022004","PREF_NAME":"東京都","CITY_NAME":"多摩市","S_NAME":"愛宕四丁目","KIGO_E":null,"HCODE":8101,"AREA":287293.617,"PERIMETER":2642.604,"R2KAxx":5191,"R2KAxx_ID":5190,"KIHON1":"0220","DUMMY1":"-","KIHON2":"04","KEYCODE1":"224022004","KEYCODE2":"224022004","AREA_MAX_F":"M","KIGO_D":null,"N_KEN":null,"N_CITY":null,"KIGO_I":null,"KBSUM":44,"JINKO":2539,"SETAI":1265,"X_CODE":139.427604,"Y_CODE":35.629502,"KCODE1":"0220-04","visited":0},"geometry":{"type":"MultiPolygon","coordinates":[[[[139.427685952035404,35.631994853143205],[139.427863372323458,35.631962035188586],[139.428115527405566,35.631974006852168],[139.428333365946628,35.632024841311384],[139.428717100155126,35.632165630791121],[139.428823259155109,35.632204574092157],[139.428911831330794,35.632215998286895],[139.429403967275562,35.631950511728064],[139.429476499598763,35.631926214102521],[139.429575318980085,35.631791497384164],[139.429591938999408,35.631800416426543],[139.429684435822338,35.631849399107097],[139.429858153319202,35.631942781771251],[139.429918969262474,35.631975472981019],[139.43020411074599,35.632128807483028],[139.430233611502075,35.63208930038811],[139.430444292439887,35.63181466688556],[139.430623516037087,35.631551475632818],[139.430535080045246,35.631504844809463],[139.43083482580289,35.631090655574148],[139.431220217979529,35.631012402599069],[139.431308563804862,35.630887809190639],[139.431349880071423,35.63082766832494],[139.431346801361144,35.630460916676626],[139.431710515448827,35.630129011685838],[139.431887935301063,35.630233399598829],[139.432121301629877,35.629947712628265],[139.432138272749597,35.629943402551227],[139.432328032020962,35.629762071187471],[139.432378648395996,35.629661294570283],[139.431510622225034,35.629112870836302],[139.430841017531804,35.628696364148205],[139.430834313780252,35.628700321546383],[139.430166859304535,35.628269417434851],[139.429801845441688,35.628036308711501],[139.429153724764745,35.627622435106211],[139.428937479344768,35.627906871056283],[139.428687197810234,35.628236083178685],[139.428226694827316,35.628023668879564],[139.42814817094964,35.627987456424137],[139.427683047722383,35.627811397408792],[139.427181985011998,35.627637394176652],[139.427129779000524,35.627607784499446],[139.426350749905453,35.627328626289753],[139.425692973501555,35.627079374458418],[139.425015878862922,35.62683002176265],[139.424216925069373,35.62653704965193],[139.423678152956512,35.626344949495362],[139.423697756060449,35.626399308802235],[139.42385614289401,35.626824188449156],[139.42391484370674,35.627059128615365],[139.423959369653232,35.627317258221126],[139.423971297422781,35.627549009941163],[139.423960172546174,35.627878356177085],[139.423933724485551,35.62804973508451],[139.423885182173791,35.628232236080613],[139.423735602792107,35.628599280846778],[139.423634775229516,35.628758965641325],[139.423424090395287,35.629166293425222],[139.423363519120187,35.629306010720278],[139.423114740638056,35.629858409232867],[139.423346172025106,35.629923173927246],[139.423420507444405,35.630036377005986],[139.423702106870707,35.630132716144104],[139.423880253722757,35.630135258035573],[139.424239233821964,35.630077535840528],[139.424306335720189,35.630002309430765],[139.424326070805392,35.629980158602834],[139.424347815107581,35.629959635871415],[139.424350901415551,35.629956722296548],[139.424518025352256,35.629929967886703],[139.424686895878295,35.629907300164774],[139.425090241020456,35.629911940363776],[139.425041552340019,35.63005521960681],[139.42533265648737,35.630140989515667],[139.425511752652824,35.630236063261783],[139.425965433008741,35.630476807690712],[139.426202125112411,35.630602423764053],[139.426575378984239,35.63080053954998],[139.426846818031265,35.630886590931603],[139.426763742486656,35.631050597831667],[139.426757139438706,35.631068638037355],[139.426535584826894,35.631673776301596],[139.426691336343225,35.63187460745246],[139.426860308518457,35.632164563408196],[139.426969137155879,35.632203906861861],[139.427064523864402,35.632215354271381],[139.42733768143637,35.632116103919309],[139.427685952035404,35.631994853143205]]]]}},
{"type":"Feature","properties":{"KEY_CODE":"13224024001","PREF":"13","CITY":"224","S_AREA":"024001","PREF_NAME":"東京都","CITY_NAME":"多摩市","S_NAME":"馬引沢一丁目","KIGO_E":null,"HCODE":8101,"AREA":120189.663,"PERIMETER":1549.583,"R2KAxx":5192,"R2KAxx_ID":5191,"KIHON1":"0240","DUMMY1":"-","KIHON2":"01","KEYCODE1":"224024001","KEYCODE2":"224024001","AREA_MAX_F":"M","KIGO_D":null,"N_KEN":null,"N_CITY":null,"KIGO_I":null,"KBSUM":24,"JINKO":1848,"SETAI":919,"X_CODE":139.451297,"Y_CODE":35.635969,"KCODE1":"0240-01","visited":0},"geometry":{"type":"MultiPolygon","coordinates":[[[[139.452324692868388,35.637243901737556],[139.452716814769104,35.637103423931897],[139.452707848066268,35.637211666317008],[139.452464699484409,35.637552392513591],[139.452889257780953,35.637802912162435],[139.453186863092782,35.637438660667328],[139.453226112634212,35.63740199021251],[139.453307117455154,35.637291442437046],[139.453327307680041,35.636871318207838],[139.453288383379913,35.636803169514792],[139.453276887656926,35.63671718747338],[139.453129370068979,35.636509373145856],[139.453087685869747,35.636450653065857],[139.453265837076799,35.63647219955417],[139.45319713259849,35.635789414483945],[139.453260033368281,35.635194116166417],[139.452732645783129,35.63497363774389],[139.452526891845167,35.634822458965438],[139.45250335215016,35.634792307956381],[139.452478579130172,35.634818814268684],[139.452073203221914,35.633956871873941],[139.451650729659349,35.633599530268732],[139.451287693340248,35.633857272054293],[139.451263415820478,35.633874518527463],[139.451048856314486,35.634026821204941],[139.451074367737476,35.634040422667077],[139.450849441954261,35.634204804643673],[139.450773252251707,35.634273044669953],[139.450106928102542,35.634782905017275],[139.449382385608772,35.635298422256696],[139.449024705866606,35.635560543059647],[139.448867015168446,35.6356608446903],[139.449316589598851,35.636276364511993],[139.449415138364373,35.636529378330813],[139.449609852030363,35.636921843017859],[139.449916579771582,35.637539970487474],[139.450139762685069,35.637960025903972],[139.450803831500366,35.637756374216472],[139.4512781988212,35.637599931891224],[139.451508002232572,35.6375184118737],[139.451802457803979,35.637426815247252],[139.451814423459695,35.637423085767949],[139.452043720664165,35.63733839484717],[139.452324692868388,35.637243901737556]]]]}},
{"type":"Feature","properties":{"KEY_CODE":"13224024002","PREF":"13","CITY":"224","S_AREA":"024002","PREF_NAME":"東京都","CITY_NAME":"多摩市","S_NAME":"馬引沢二丁目","KIGO_E":null,"HCODE":8101,"AREA":141737.463,"PERIMETER":2353.844,"R2KAxx":5193,"R2KAxx_ID":5192,"KIHON1":"0240","DUMMY1":"-","KIHON2":"02","KEYCODE1":"224024002","KEYCODE2":"224024002","AREA_MAX_F":"M","KIGO_D":null,"N_KEN":null,"N_CITY":null,"KIGO_I":null,"KBSUM":27,"JINKO":2379,"SETAI":1259,"X_CODE":139.454956,"Y_CODE":35.630741,"KCODE1":"0240-02","visited":0},"geometry":{"type":"MultiPolygon","coordinates":[[[[139.453295581149092,35.634937623163495],[139.453354495703707,35.634746516211216],[139.453506031516866,35.634495671344673],[139.45361297351684,35.634308449720947],[139.453907169151535,35.633896088152667],[139.454154068249522,35.633606776603074],[139.454508606705133,35.633127533661188],[139.454548928674257,35.633055870160199],[139.454656752653364,35.63286417420165],[139.454763091878363,35.632675122405168],[139.455043144053121,35.632194777609755],[139.455232585295704,35.631869849103971],[139.455554405431172,35.631265190568392],[139.455579173431204,35.631216541528552],[139.455679661368464,35.631042466001688],[139.456561783462462,35.629473771033155],[139.456886823260504,35.62889580807348],[139.457033206783876,35.628635471109952],[139.457057002957185,35.628656320258081],[139.457094132082176,35.628592002896937],[139.457283833798357,35.628263705351578],[139.457293874349602,35.628246343637805],[139.457584957033532,35.627654453524457],[139.457724988047886,35.627369670653259],[139.457807348059106,35.627059496160861],[139.45780729699166,35.626959962820237],[139.457807150702052,35.626752655361862],[139.457759329596257,35.626274663560778],[139.457721725426609,35.626274332599003],[139.457598780894983,35.626299635431486],[139.457264199166701,35.626368493068192],[139.457154521812441,35.626389274145218],[139.456971465611218,35.626497354671571],[139.456599035096048,35.626717295054505],[139.456223603416277,35.626987397141647],[139.455933034720573,35.627323676330356],[139.455819877171649,35.627560166249317],[139.455776449254444,35.627633158665034],[139.455626903995835,35.627949704729062],[139.455631802295756,35.627953239835762],[139.455344609387794,35.628624475884912],[139.455242602259915,35.628846886800915],[139.455135959890981,35.629055414050221],[139.454915188185453,35.629542502919556],[139.454852254230161,35.629681351335748],[139.454669608705871,35.63008434514073],[139.45458378420048,35.63026730323778],[139.454450241604235,35.630555035575412],[139.454212432255446,35.631067354590755],[139.454014003394292,35.631450298304898],[139.453884212145539,35.631645863489098],[139.453430889729447,35.632166374720853],[139.45321136995085,35.632411512538134],[139.453184271394292,35.632441776696382],[139.452374502007046,35.633049002790663],[139.452194272439016,35.6331841633802],[139.451650729659349,35.633599530268732],[139.452073203221914,35.633956871873941],[139.452478579130172,35.634818814268684],[139.45250335215016,35.634792307956381],[139.452526891845167,35.634822458965438],[139.452732645783129,35.63497363774389],[139.453260033368281,35.635194116166417],[139.453295581149092,35.634937623163495]]]]}},
{"type":"Feature","properties":{"KEY_CODE":"13224025001","PREF":"13","CITY":"224","S_AREA":"025001","PREF_NAME":"東京都","CITY_NAME":"多摩市","S_NAME":"山王下一丁目","KIGO_E":null,"HCODE":8101,"AREA":165907.798,"PERIMETER":2910.843,"R2KAxx":5194,"R2KAxx_ID":5193,"KIHON1":"0250","DUMMY1":"-","KIHON2":"01","KEYCODE1":"224025001","KEYCODE2":"224025001","AREA_MAX_F":"M","KIGO_D":null,"N_KEN":null,"N_CITY":null,"KIGO_I":null,"KBSUM":19,"JINKO":756,"SETAI":385,"X_CODE":139.423223,"Y_CODE":35.627292,"KCODE1":"0250-01","visited":0},"geometry":{"type":"MultiPolygon","coordinates":[[[[139.423114740638056,35.629858409232867],[139.423363519120187,35.629306010720278],[139.423424090395287,35.629166293425222],[139.423634775229516,35.628758965641325],[139.423735602792107,35.628599280846778],[139.423885182173791,35.628232236080613],[139.423933724485551,35.62804973508451],[139.423960172546174,35.627878356177085],[139.423971297422781,35.627549009941163],[139.423959369653232,35.627317258221126],[139.42391484370674,35.627059128615365],[139.42385614289401,35.626824188449156],[139.423697756060449,35.626399308802235],[139.423339157809664,35.62626697049992],[139.422730363700737,35.626022447948458],[139.422207925899073,35.625824975751456],[139.421645212323369,35.625610639402808],[139.421296390881935,35.6254732605843],[139.420947827488732,35.625344647652895],[139.420725700638258,35.625276039957093],[139.420164220094165,35.625149796516318],[139.420133637479893,35.62514296688947],[139.419772680113198,35.625068425380384],[139.419589862487385,35.625037694584051],[139.419391408335116,35.625019761846104],[139.419179346589374,35.624990057418955],[139.419018243817618,35.624987920310318],[139.418508769292345,35.624963355991547],[139.418390432067838,35.624955590639296],[139.418075216865333,35.62495080944948],[139.417870219331547,35.62494767536429],[139.417858193994761,35.62489647436238],[139.417479972116013,35.624875595964461],[139.417041050348701,35.624834156158578],[139.416942600668762,35.624825331254513],[139.416189568766384,35.624757736812001],[139.416098118399276,35.624754709720037],[139.41552142963161,35.624735322724497],[139.415263163145141,35.624726294863422],[139.415203386040275,35.624725005735776],[139.414921094840253,35.624718913136611],[139.414727718480378,35.624712081245846],[139.414560168945229,35.624706147336425],[139.414074559403844,35.624794176961899],[139.413799787210451,35.624856880888359],[139.413501146446634,35.624940202589535],[139.413144436614459,35.625060680170833],[139.412807850538002,35.625241329025215],[139.413197731687063,35.62573691939911],[139.413260579463355,35.625709393720307],[139.413302132847718,35.62575432392574],[139.413626805978765,35.625616835726731],[139.41389507103392,35.625570268446111],[139.414745163799751,35.625608428414516],[139.415290824211695,35.625632889699212],[139.415474654216865,35.625692992303136],[139.41553337489654,35.625720659844262],[139.415976152897372,35.626016223837965],[139.416284677633911,35.626222172674808],[139.416403553121626,35.626217971911096],[139.416449922904036,35.626248937937],[139.416506778524848,35.626204242957257],[139.41665643880134,35.626109975614099],[139.416865027090239,35.62600337850369],[139.417079710945671,35.625960670020049],[139.417261287725665,35.625948162808413],[139.417595205645881,35.625956320219963],[139.417739559406243,35.625961887311142],[139.418260558806935,35.626010894568971],[139.418513573492135,35.62605260630604],[139.419046901399241,35.626177881165162],[139.419534854923484,35.626313138996316],[139.419829467044195,35.626425691314836],[139.42018868624109,35.626612755031701],[139.420460472241786,35.626812124757592],[139.42075327318571,35.627109657632715],[139.420889492891121,35.627296873591433],[139.420997420165975,35.62747631605351],[139.422007509045017,35.627157526759603],[139.42223569874821,35.627121158915351],[139.422385451278132,35.627167548016232],[139.422487060155589,35.627275986109289],[139.422630772576696,35.627702226187189],[139.422674718259572,35.627895780400166],[139.422677329485794,35.628068103508646],[139.422629630786275,35.628295956261319],[139.422561881080128,35.628430261137055],[139.422457969980172,35.628585709900058],[139.42186434340951,35.628854095418554],[139.421863829125897,35.628954301630792],[139.421413960485239,35.629166486918457],[139.421537848168867,35.629312783169539],[139.421748931211226,35.629476346507985],[139.422844050492614,35.629846468353541],[139.422939808352623,35.629809473195515],[139.423114740638056,35.629858409232867]]]]}},
{"type":"Feature","properties":{"KEY_CODE":"13224025002","PREF":"13","CITY":"224","S_AREA":"025002","PREF_NAME":"東京都","CITY_NAME":"多摩市","S_NAME":"山王下二丁目","KIGO_E":null,"HCODE":8101,"AREA":91481.804,"PERIMETER":1573.601,"R2KAxx":5195,"R2KAxx_ID":5194,"KIHON1":"0250","DUMMY1":"-","KIHON2":"02","KEYCODE1":"224025002","KEYCODE2":"224025002","AREA_MAX_F":"M","KIGO_D":null,"N_KEN":null,"N_CITY":null,"KIGO_I":null,"KBSUM":2,"JINKO":0,"SETAI":0,"X_CODE":139.419869,"Y_CODE":35.627439,"KCODE1":"0250-02","visited":0},"geometry":{"type":"MultiPolygon","coordinates":[[[[139.42186434340951,35.628854095418554],[139.422457969980172,35.628585709900058],[139.422561881080128,35.628430261137055],[139.422629630786332,35.628295956261312],[139.422677329485794,35.628068103508646],[139.422674718259572,35.627895780400166],[139.422630772576696,35.627702226187189],[139.422487060155618,35.627275986109289],[139.42238545127816,35.627167548016232],[139.42223569874821,35.627121158915351],[139.422007509045045,35.627157526759603],[139.420997420166003,35.627476316053524],[139.420889492891121,35.627296873591433],[139.42075327318571,35.627109657632715],[139.420460472241786,35.626812124757599],[139.42018868624109,35.626612755031701],[139.419829467044195,35.626425691314836],[139.419534854923484,35.626313138996316],[139.419046901399241,35.626177881165162],[139.418513573492163,35.62605260630604],[139.418260558806935,35.626010894568971],[139.417739559406243,35.625961887311142],[139.417595205645881,35.625956320219963],[139.417261287725665,35.625948162808413],[139.417079710945671,35.625960670020049],[139.416865027090239,35.626003378503704],[139.41665643880134,35.626109975614114],[139.416506778524877,35.626204242957265],[139.416449922904036,35.626248937937],[139.416512618106736,35.626300561581282],[139.416433915389035,35.626391552291963],[139.416631714814713,35.626527753949652],[139.417297349432687,35.626986065061402],[139.417419432791576,35.627070122512372],[139.418008052362126,35.627082027700915],[139.418157882819827,35.627085057688426],[139.419050877504105,35.627103091191074],[139.418982805035114,35.627299043675691],[139.418926420162933,35.627394651842827],[139.418847952226741,35.627449134563903],[139.418698249519963,35.627468442273901],[139.418697945789063,35.627527207705725],[139.418663146733564,35.627576451043119],[139.418660084203566,35.627885259933521],[139.418659798644796,35.627940503396317],[139.418672052037124,35.627981141767101],[139.418713198911632,35.628030330136774],[139.419129007686109,35.628300120050902],[139.419894978712932,35.628775961711796],[139.419941227498498,35.628797738717573],[139.420017299989382,35.628815146754711],[139.420732290401276,35.628816218686225],[139.420966767967229,35.628816563728755],[139.42162349295802,35.628817782889556],[139.421864629991802,35.62879825573485],[139.42186434340951,35.628854095418554]]]]}},
{"type":"Feature","properties":{"KEY_CODE":"13224026001","PREF":"13","CITY":"224","S_AREA":"026001","PREF_NAME":"東京都","CITY_NAME":"多摩市","S_NAME":"中沢一丁目","KIGO_E":null,"HCODE":8101,"AREA":596041.826,"PERIMETER":4488.063,"R2KAxx":5196,"R2KAxx_ID":5195,"KIHON1":"0260","DUMMY1":"-","KIHON2":"01","KEYCODE1":"224026001","KEYCODE2":"224026001","AREA_MAX_F":"M","KIGO_D":null,"N_KEN":null,"N_CITY":null,"KIGO_I":null,"KBSUM":28,"JINKO":1465,"SETAI":614,"X_CODE":139.408921,"Y_CODE":35.62017,"KCODE1":"0260-01","visited":0},"geometry":{"type":"MultiPolygon","coordinates":[[[[139.412807850538002,35.625241329025215],[139.413144436614459,35.625060680170833],[139.413501146446634,35.624940202589535],[139.413799787210451,35.624856880888359],[139.414074559403844,35.624794176961899],[139.414560168945229,35.624706147336425],[139.414727718480378,35.624712081245846],[139.414921094840253,35.624718913136611],[139.415203386040275,35.624725005735776],[139.415263163145141,35.624726294863422],[139.41552142963161,35.624735322724497],[139.416098118399276,35.624754709720037],[139.416189568766384,35.624757736812001],[139.416942600668762,35.624825331254513],[139.417041050348701,35.624834156158578],[139.417479972116013,35.624875595964461],[139.417858193994761,35.62489647436238],[139.417734365380113,35.624342347159804],[139.417629884416215,35.624190693785685],[139.417586462791888,35.624115091905402],[139.417204469223321,35.623450116348742],[139.416936730398021,35.623579994714063],[139.416104151009421,35.623594724199791],[139.415918571073092,35.623598026234994],[139.415762832341272,35.623552211370139],[139.415247863421882,35.6236651741918],[139.415185162237179,35.623648478578772],[139.41498381523752,35.623582609315129],[139.414839970537031,35.623538589431398],[139.41449867362897,35.623434141087763],[139.414225262101354,35.623392142217362],[139.414151115294317,35.62338075484773],[139.413941468169185,35.623344605217163],[139.413831828201694,35.623282291235022],[139.41364150552036,35.623146074698248],[139.413488064275867,35.62298188965736],[139.413463151602144,35.622848289461636],[139.413454802608982,35.622803473131206],[139.413389940996865,35.622664100508878],[139.413370173619114,35.622643011270306],[139.413295682256489,35.622563496630882],[139.413029365269949,35.622289662252101],[139.412968675828211,35.622227273601275],[139.412549928766737,35.621894458896513],[139.412413533179233,35.621639209173921],[139.412370145502933,35.621557972053751],[139.412236964159803,35.621561662932109],[139.41214593368133,35.621249812634453],[139.412208082044089,35.621058666945096],[139.411908190528521,35.62057792886997],[139.412179265946889,35.620469233444531],[139.412130265346008,35.619387891813496],[139.410905263013063,35.617383018521323],[139.409933013318323,35.616691518940776],[139.409846998257649,35.616608193796083],[139.409687782694334,35.616611120026683],[139.409582487862536,35.616569662454658],[139.409493894497928,35.616590863369311],[139.408931040277082,35.616397207406621],[139.408560719563354,35.616227112225459],[139.40835275674732,35.616201805158489],[139.408258765325428,35.616265203817399],[139.408257935436751,35.61643811379998],[139.408059477716961,35.616417450436408],[139.407528834751986,35.616337838793882],[139.407396070526687,35.616361981988284],[139.40725627906005,35.616231355386979],[139.407259764362095,35.616119085781953],[139.407035023234783,35.616127517093261],[139.406974492468152,35.616003930074811],[139.406751957104376,35.615978604038574],[139.406464234691242,35.61596765799559],[139.405747243588451,35.616104938068943],[139.405619672776169,35.616303137714205],[139.405476361741137,35.616428855962006],[139.405612712254737,35.616654150131914],[139.405718200067639,35.616756383511671],[139.405214259670572,35.616981662821637],[139.404948577181415,35.617106276985126],[139.404778970152165,35.617133279341139],[139.404392695408575,35.617045293882903],[139.404319614034165,35.617019717759398],[139.403949805167287,35.616844223988124],[139.403572897326825,35.616722537691068],[139.403394495701519,35.616612648462265],[139.403112373715317,35.616417323994753],[139.402758173559818,35.616339481705182],[139.402685160307385,35.616301441873134],[139.402313123283307,35.616028616295203],[139.40214704289636,35.615881166301683],[139.401496889405763,35.615712163062256],[139.401332039290594,35.615736959995921],[139.401291096271024,35.61575740986013],[139.401227499949698,35.615932279015951],[139.401236528563317,35.616057232044533],[139.401249128606736,35.616231598608138],[139.401307002863547,35.616430421491906],[139.401308971027731,35.616593341119874],[139.401309657442141,35.616649891258632],[139.401358145453713,35.616966242424525],[139.401401424920522,35.617248846145927],[139.401799025667515,35.617395187535678],[139.401889184500163,35.617428360408809],[139.402070708252126,35.61751903983977],[139.402477910000158,35.617861494072699],[139.402767072320501,35.618143388282817],[139.402876594981365,35.61824071027732],[139.402965628181477,35.618339261901404],[139.403124108849795,35.61865868137663],[139.403256139802721,35.618804390842648],[139.403508830213667,35.619013550929338],[139.404026936845327,35.619399492619607],[139.404142349098066,35.61946053263263],[139.404557520944792,35.620331957226917],[139.404980350682138,35.620861457763247],[139.405280856278011,35.620928751518967],[139.405936656192438,35.620929947872391],[139.406098257581334,35.620958123833844],[139.40632648058164,35.621068045203643],[139.406456541838594,35.621107832181316],[139.406703642994387,35.621098001885471],[139.406847078818657,35.62118512339795],[139.407094446572756,35.621392921741652],[139.407247990726319,35.621452687300973],[139.407612372380555,35.621429289765814],[139.407687971318467,35.621477124559014],[139.407800159631819,35.621594237615604],[139.407997988361757,35.622045085154888],[139.40800670970296,35.622140429016142],[139.407826813334765,35.622333023648991],[139.407811049422179,35.622475704258669],[139.407898493257932,35.622550905253547],[139.408138106442919,35.622701527849394],[139.409076527605635,35.623286379742297],[139.409457302092164,35.623450700750098],[139.40997175176895,35.623641543582252],[139.410399630779324,35.623836730299764],[139.410531346038283,35.623850253112451],[139.410837366766572,35.623970580791095],[139.411199993752575,35.624151274380949],[139.411483852001112,35.624320460510788],[139.411656119037616,35.624437815040267],[139.412084538992957,35.624852000367028],[139.412259772392019,35.625012706980961],[139.412501181441002,35.625169243434513],[139.412570841317716,35.625183078089478],[139.412704826471867,35.625109639575079],[139.412807850538002,35.625241329025215]]]]}},
{"type":"Feature","properties":{"KEY_CODE":"13224026002","PREF":"13","CITY":"224","S_AREA":"026002","PREF_NAME":"東京都","CITY_NAME":"多摩市","S_NAME":"中沢二丁目","KIGO_E":null,"HCODE":8101,"AREA":229232.186,"PERIMETER":2683.352,"R2KAxx":5197,"R2KAxx_ID":5196,"KIHON1":"0260","DUMMY1":"-","KIHON2":"02","KEYCODE1":"224026002","KEYCODE2":"224026002","AREA_MAX_F":"M","KIGO_D":null,"N_KEN":null,"N_CITY":null,"KIGO_I":null,"KBSUM":23,"JINKO":1930,"SETAI":755,"X_CODE":139.41354,"Y_CODE":35.620099,"KCODE1":"0260-02","visited":0},"geometry":{"type":"MultiPolygon","coordinates":[[[[139.415247863421882,35.6236651741918],[139.415762832341272,35.623552211370139],[139.415918571073092,35.623598026234994],[139.416104151009421,35.623594724199791],[139.416936730398021,35.623579994714063],[139.417204469223321,35.623450116348742],[139.417139122844304,35.623336306540239],[139.416840556228237,35.622817699525164],[139.416638359210339,35.622466738870294],[139.416560195021532,35.622331090506435],[139.416579970858436,35.622325665013832],[139.416154376465244,35.621573603246098],[139.416115011590364,35.621506220247717],[139.41605025788374,35.62139540191508],[139.415970965375635,35.621260874303211],[139.415775533728805,35.620929304495206],[139.415098531659908,35.619767798319586],[139.415090975804674,35.61975309151218],[139.414785003351398,35.619261882385359],[139.414630562076866,35.619018683231644],[139.414552409048355,35.618881447959325],[139.41441982320228,35.618681139971478],[139.414193647352363,35.618393399729591],[139.414141405729282,35.618405647841627],[139.413728921333444,35.617942269008189],[139.413700371376933,35.617910202491885],[139.413652571369113,35.617856514365769],[139.413506988639369,35.617693024949183],[139.41334790411139,35.617514277430573],[139.41322945972621,35.617381231398674],[139.412983396411192,35.61710482704153],[139.412836274190141,35.616939535254282],[139.412361003422689,35.616405655906178],[139.412343616506121,35.616382708683524],[139.41194094528413,35.616435738589303],[139.411700282329008,35.616298110956883],[139.411558534128716,35.616095618989846],[139.411333434654011,35.616188630896232],[139.411137676725843,35.616269526759382],[139.410890018668056,35.616371859850261],[139.409778920822987,35.616156993002498],[139.408881914185741,35.615983501398496],[139.408506725290806,35.615910954531117],[139.408468993161819,35.616123380975893],[139.40835275674732,35.616201805158489],[139.408560719563354,35.616227112225459],[139.408931040277082,35.616397207406621],[139.409493894497928,35.616590863369311],[139.409582487862508,35.616569662454658],[139.409687782694334,35.616611120026683],[139.409846998257649,35.616608193796083],[139.409933013318323,35.616691518940776],[139.410905263013063,35.617383018521323],[139.412130265345951,35.619387891813496],[139.412179265946889,35.620469233444531],[139.411908190528493,35.62057792886997],[139.412208082044089,35.621058666945096],[139.41214593368133,35.621249812634453],[139.412236964159803,35.621561662932109],[139.412370145502933,35.621557972053751],[139.412413533179233,35.621639209173921],[139.412549928766737,35.621894458896513],[139.412968675828211,35.622227273601275],[139.413029365269949,35.622289662252101],[139.413295682256489,35.622563496630882],[139.413370173619114,35.622643011270306],[139.413389940996865,35.622664100508878],[139.413454802608982,35.622803473131206],[139.413463151602144,35.622848289461636],[139.413488064275867,35.62298188965736],[139.41364150552036,35.623146074698248],[139.413831828201694,35.623282291235022],[139.413941468169185,35.623344605217163],[139.414151115294317,35.62338075484773],[139.414225262101354,35.623392142217362],[139.41449867362897,35.623434141087763],[139.414839970537031,35.623538589431398],[139.41498381523752,35.623582609315129],[139.415185162237179,35.623648478578772],[139.415247863421882,35.6236651741918]]]]}},
{"type":"Feature","properties":{"KEY_CODE":"13224027001","PREF":"13","CITY":"224","S_AREA":"027001","PREF_NAME":"東京都","CITY_NAME":"多摩市","S_NAME":"唐木田一丁目","KIGO_E":null,"HCODE":8101,"AREA":324730.799,"PERIMETER":3341.295,"R2KAxx":5198,"R2KAxx_ID":5197,"KIHON1":"0270","DUMMY1":"-","KIHON2":"01","KEYCODE1":"224027001","KEYCODE2":"224027001","AREA_MAX_F":"M","KIGO_D":null,"N_KEN":null,"N_CITY":null,"KIGO_I":null,"KBSUM":47,"JINKO":2262,"SETAI":1003,"X_CODE":139.405867,"Y_CODE":35.614808,"KCODE1":"0270-01","visited":0},"geometry":{"type":"MultiPolygon","coordinates":[[[[139.405747243588451,35.616104938068943],[139.406464234691242,35.61596765799559],[139.406751957104348,35.615978604038574],[139.406974492468152,35.616003930074811],[139.407035023234783,35.616127517093261],[139.407259764362095,35.616119085781953],[139.40725627906005,35.616231355386979],[139.407396070526687,35.616361981988284],[139.407528834751986,35.616337838793882],[139.408059477716961,35.616417450436408],[139.408257935436751,35.61643811379998],[139.4082587653254,35.616265203817399],[139.40835275674732,35.616201805158489],[139.408468993161819,35.616123380975893],[139.408506725290806,35.615910954531117],[139.408881914185741,35.615983501398496],[139.409778920822987,35.616156993002498],[139.410890018668056,35.616371859850261],[139.411137676725843,35.616269526759382],[139.411333434654011,35.616188630896232],[139.411558534128716,35.616095618989846],[139.411700282329008,35.616298110956883],[139.41194094528413,35.616435738589303],[139.412343616506121,35.616382708683524],[139.412103195053845,35.616002243354636],[139.412064487039004,35.615909226120408],[139.411998102734572,35.615749566682432],[139.411960632682906,35.615626132865778],[139.411934976232772,35.615511332020382],[139.411930104542478,35.615191050467203],[139.411969415700952,35.614766528029286],[139.411992970397336,35.614444127273593],[139.412031948285545,35.613910736014013],[139.412070133375636,35.613388221612205],[139.409338364571056,35.613905538339296],[139.408749370604824,35.613913503855422],[139.40831953098342,35.613919314590952],[139.407382267416267,35.61385348187239],[139.407101495805335,35.613809888884987],[139.404641779991039,35.613450747300639],[139.401847455696725,35.6130426872123],[139.401183270223896,35.612945671307259],[139.401002769219161,35.612899254040272],[139.400342044940743,35.612729361685687],[139.399424479174627,35.61236545831882],[139.398915970474036,35.612194942416721],[139.398796701055488,35.612347392567422],[139.398936128228769,35.612421727725234],[139.398770500865623,35.612622528371411],[139.398721349540835,35.612685621459931],[139.398855555595674,35.612737017274746],[139.399035348647942,35.612850157230099],[139.399231713557214,35.612936563344611],[139.399336958734125,35.613001619183493],[139.39947938374641,35.61319148767172],[139.399574290780635,35.613270450144348],[139.399669204915256,35.613404444060727],[139.399727323000747,35.613484790550473],[139.400553498668557,35.614094655357796],[139.400599153798055,35.614136118803181],[139.400822907543272,35.614405496790823],[139.400860846478622,35.6144385158549],[139.401165164097876,35.614553296713588],[139.401156754866179,35.614569744005678],[139.401166980502524,35.614576295950265],[139.401156714341653,35.614609142457205],[139.401048145679965,35.614824235660898],[139.401079524388848,35.614938567287275],[139.401446918161525,35.615230989812616],[139.401452173494249,35.615312273191279],[139.401469034695737,35.615391801292184],[139.401441397562706,35.615527469322934],[139.401332039290594,35.615736959995921],[139.401496889405763,35.615712163062256],[139.40214704289636,35.615881166301683],[139.402313123283307,35.616028616295232],[139.402685160307385,35.616301441873134],[139.402758173559789,35.616339481705182],[139.403112373715317,35.616417323994753],[139.403394495701519,35.616612648462265],[139.403572897326825,35.616722537691068],[139.403949805167287,35.616844223988124],[139.404319614034165,35.617019717759398],[139.404392695408518,35.617045293882903],[139.404778970152165,35.617133279341139],[139.404948577181415,35.617106276985126],[139.405214259670515,35.616981662821637],[139.405718200067639,35.616756383511671],[139.405612712254737,35.616654150131914],[139.405476361741137,35.616428855962006],[139.405619672776169,35.616303137714205],[139.405747243588451,35.616104938068943]]]]}},
{"type":"Feature","properties":{"KEY_CODE":"13224027002","PREF":"13","CITY":"224","S_AREA":"027002","PREF_NAME":"東京都","CITY_NAME":"多摩市","S_NAME":"唐木田二丁目","KIGO_E":null,"HCODE":8101,"AREA":249715.115,"PERIMETER":2756.891,"R2KAxx":5199,"R2KAxx_ID":5198,"KIHON1":"0270","DUMMY1":"-","KIHON2":"02","KEYCODE1":"224027002","KEYCODE2":"224027002","AREA_MAX_F":"M","KIGO_D":null,"N_KEN":null,"N_CITY":null,"KIGO_I":null,"KBSUM":3,"JINKO":0,"SETAI":0,"X_CODE":139.407547,"Y_CODE":35.612303,"KCODE1":"0270-02","visited":0},"geometry":{"type":"MultiPolygon","coordinates":[[[[139.412070133375636,35.613388221612205],[139.411937171648589,35.612055578652082],[139.412076883491039,35.612045362196973],[139.412588226374368,35.612231958560649],[139.412756614338633,35.612196031174385],[139.412742940540994,35.612152739869146],[139.412720441093256,35.61217732348878],[139.412299086964481,35.611959414917685],[139.412271070275835,35.611901724105977],[139.412156101267811,35.611664988740522],[139.41202528281039,35.611451480858825],[139.411796459574703,35.611238229541428],[139.411750846407216,35.611208589708703],[139.411466548600288,35.610966606423588],[139.41108245071635,35.610752542885152],[139.411064793173068,35.610742907525989],[139.411049682726713,35.610597347739414],[139.411045491655926,35.610556982643246],[139.411047451104736,35.610320757971813],[139.411050125105561,35.610319585606135],[139.41106767582275,35.610203564532718],[139.410792199995853,35.61011426874375],[139.410590776433054,35.610006301522887],[139.41057437541096,35.609997332311828],[139.410473010283539,35.609941893611598],[139.410470563024631,35.609944785964167],[139.410450445395014,35.60996855006055],[139.410439271338788,35.61004932572547],[139.410370204189604,35.610086052067821],[139.410305537076454,35.610120438054736],[139.410249245466701,35.610203775065813],[139.410226884269179,35.610236881546577],[139.410199028629961,35.610249992429779],[139.409981761793546,35.610352248211797],[139.409736411505094,35.610494584485089],[139.409635678827811,35.610561135554846],[139.409412769822865,35.610708402719638],[139.409189392991664,35.6108778904552],[139.409128943716837,35.610961464893144],[139.409128738649429,35.610962024771858],[139.409123153136193,35.610974625507986],[139.409119794349806,35.610983627305814],[139.409118633727473,35.610994438550101],[139.409118552797736,35.611009762031692],[139.409119537292213,35.611032299467297],[139.409121592647779,35.611061149186511],[139.409124746738627,35.611090906102987],[139.409127924641865,35.611116154656592],[139.409128928855949,35.611135086504071],[139.409129941914927,35.611152216104365],[139.409128747965752,35.611169337405556],[139.409126446421794,35.611187356507038],[139.409124161221627,35.61120177055956],[139.409121886892194,35.611214381271758],[139.409118518574104,35.611225185864804],[139.409112947324587,35.611235082134087],[139.409107376076662,35.611244977853062],[139.409099601902255,35.611253964147721],[139.40909295705768,35.611258447611704],[139.409082997649307,35.611262919436818],[139.409068634413785,35.611265571868742],[139.40905095997681,35.61126821377173],[139.409033299148433,35.611268151752434],[139.409013440823998,35.611266280285001],[139.409010102494989,35.61126579378498],[139.408988074492811,35.611262586090817],[139.408952780740378,35.611257053643442],[139.408918597285123,35.611250623396074],[139.408892139720706,35.611244221929979],[139.408877820692993,35.61123876314101],[139.408866811515907,35.611233315428123],[139.408852499321284,35.611226054381241],[139.408835990312099,35.611216983885583],[139.408817294035657,35.611204297844033],[139.408796411195738,35.611187098969289],[139.408770044863246,35.611163570644955],[139.408735989427839,35.611132805075997],[139.408704137608225,35.611102948929741],[139.40867996539356,35.611082131711086],[139.408665662773643,35.611073067842945],[139.408656847687354,35.611070332888964],[139.408645824240011,35.611067591271855],[139.408631494386185,35.611063934140496],[139.408623772594495,35.611063006956648],[139.40860057797758,35.611065628285488],[139.408548671874172,35.611070854833926],[139.408473567718033,35.611079604343274],[139.408383005670686,35.611089201127363],[139.408280302365768,35.611098753480178],[139.408173183662541,35.611108291859779],[139.408170123341563,35.611269624192332],[139.408171928920865,35.611345346101054],[139.408172536931943,35.611439089342504],[139.408171346876202,35.611455308973326],[139.408167472695311,35.61156165680076],[139.40815675177106,35.61171034330782],[139.408145967999332,35.61187074603378],[139.408136319772552,35.612024845328236],[139.408132959390656,35.612095136082047],[139.408130113054511,35.612154618279355],[139.408126329296579,35.612243839982582],[139.408125362226741,35.612278878388587],[139.408124962064932,35.612293409630745],[139.40812370569472,35.612322249351323],[139.407912322776156,35.61219302312837],[139.407884953694889,35.612176289253142],[139.407763900227224,35.612107359898893],[139.407641766696202,35.612033919277955],[139.407507563090832,35.611946917270018],[139.407381096667734,35.611858137365736],[139.407281044336827,35.61178387419362],[139.407207393647724,35.611726827888177],[139.407139202497945,35.611680617760619],[139.407056658291765,35.611635258649542],[139.407002725994886,35.61160622588465],[139.40686737420026,35.611528230409149],[139.406507375463065,35.611350292649632],[139.406388461230136,35.611294889126995],[139.406247545617305,35.611224987236852],[139.406245344075757,35.611224077212668],[139.406131955964099,35.611166891758693],[139.406036192471305,35.611116978205253],[139.405940440793103,35.61106435953171],[139.405832584276226,35.611005389394556],[139.405739075465561,35.610946469931363],[139.405680780679006,35.610907505674014],[139.405608200135532,35.610856771555042],[139.405526838327177,35.610796993764815],[139.405442175739722,35.61073540193329],[139.405360799101572,35.610678326835135],[139.40535749858293,35.610676315904094],[139.405284883095618,35.610632089683818],[139.405217735416898,35.610597598957241],[139.405158252510603,35.610574854062634],[139.405097651047811,35.610554810249006],[139.405023858506866,35.610524802659377],[139.404934674168317,35.610483023375977],[139.404845503666934,35.610438540639414],[139.404764042535703,35.610397690304438],[139.40470237974975,35.610369528919307],[139.404673759105094,35.610355006863045],[139.404638531277129,35.610337754619188],[139.404602178031155,35.610324104592216],[139.404532123307661,35.610447119981451],[139.404547160358277,35.610452650088909],[139.404439871091427,35.61066482951459],[139.404287952141772,35.610886181455378],[139.404139267117415,35.611050855236108],[139.403986056732805,35.611182910432973],[139.403756039638978,35.611334090654182],[139.403481947836013,35.611495221592463],[139.403010183465085,35.611732014250229],[139.402756144639056,35.61185018755446],[139.402476163900104,35.611999077013607],[139.402338866109631,35.612080764123789],[139.402207055841927,35.612176910303269],[139.402123852638653,35.612254566154874],[139.402015168966017,35.612388184138126],[139.401847455696725,35.6130426872123],[139.404641779991039,35.613450747300639],[139.407101495805335,35.613809888884987],[139.407382267416267,35.61385348187239],[139.40831953098342,35.613919314590952],[139.408749370604824,35.613913503855422],[139.409338364571056,35.613905538339296],[139.412070133375636,35.613388221612205]]]]}},
{"type":"Feature","properties":{"KEY_CODE":"13224027003","PREF":"13","CITY":"224","S_AREA":"027003","PREF_NAME":"東京都","CITY_NAME":"多摩市","S_NAME":"唐木田三丁目","KIGO_E":null,"HCODE":8101,"AREA":205162.412,"PERIMETER":2680.991,"R2KAxx":5200,"R2KAxx_ID":5199,"KIHON1":"0270","DUMMY1":"-","KIHON2":"03","KEYCODE1":"224027003","KEYCODE2":"224027003","AREA_MAX_F":"M","KIGO_D":null,"N_KEN":null,"N_CITY":null,"KIGO_I":null,"KBSUM":2,"JINKO":0,"SETAI":0,"X_CODE":139.399813,"Y_CODE":35.610647,"KCODE1":"0270-03","visited":0},"geometry":{"type":"MultiPolygon","coordinates":[[[[139.402123852638653,35.612254566154874],[139.402207055841927,35.612176910303269],[139.402338866109574,35.612080764123789],[139.402476163900076,35.611999077013607],[139.402756144639056,35.61185018755446],[139.403010183465085,35.611732014250215],[139.403481947836013,35.611495221592463],[139.403756039638978,35.611334090654182],[139.403986056732776,35.611182910432973],[139.404139267117415,35.611050855236108],[139.404287952141772,35.610886181455378],[139.404439871091427,35.61066482951459],[139.404547160358277,35.610452650088909],[139.404532123307661,35.610447119981451],[139.404602178031155,35.610324104592216],[139.404569132480731,35.610311369088478],[139.404482060040692,35.610287624194861],[139.404383912874096,35.610271051251999],[139.404276895255521,35.61026165751435],[139.404173184668224,35.610253177673783],[139.404126869862921,35.610244901161174],[139.404095312197654,35.61023552176195],[139.40408389097982,35.610232128016634],[139.404045346010037,35.610215766590272],[139.403977145217738,35.61017225992105],[139.403914513613842,35.610118855474902],[139.403851931614383,35.610056439177022],[139.40379159109915,35.609987720602362],[139.403730187098887,35.609911787953628],[139.40368325333074,35.609854773552378],[139.403667676360158,35.609835850776044],[139.403627699536742,35.6097942702201],[139.403600718719133,35.609766207391573],[139.403526016161152,35.609700142073066],[139.403439191322889,35.609630427868353],[139.403339169027277,35.609551654053078],[139.403241355245001,35.609472886353885],[139.403203957287474,35.609442078479027],[139.403160033145895,35.609405895489537],[139.403120463837354,35.609375109006308],[139.403095182563078,35.609355188251335],[139.403075383452602,35.609342498381309],[139.403063279738433,35.609335245546646],[139.403054937810367,35.609331028635594],[139.403029155503162,35.609317996149713],[139.402990606342996,35.609302537112711],[139.402965420532553,35.609295492363017],[139.402905744430512,35.609278798282176],[139.402862735240831,35.609271435256517],[139.402778880946101,35.609265727772481],[139.402694995654741,35.609265428638984],[139.402590168545288,35.609259645674122],[139.402523991970099,35.609250395938481],[139.402447911082561,35.609235702851606],[139.402360824563914,35.609214661317054],[139.402264944794496,35.60918727810644],[139.402158064302938,35.609152643067823],[139.402040196830427,35.609108957227321],[139.401781368337083,35.609005277605867],[139.401507159145808,35.608888021323715],[139.401518971342171,35.608949355255696],[139.401520235274972,35.608957359510278],[139.401529645493156,35.609016995887551],[139.401538060095646,35.609094544343002],[139.4015409387614,35.60917477533684],[139.401541689994843,35.60924057708494],[139.401537076805312,35.60927751747667],[139.401530347340525,35.609297324125635],[139.401519208126302,35.609316213308972],[139.401503601034676,35.609345000220181],[139.401485780768922,35.609374682561871],[139.401479089371065,35.609387277426549],[139.401441267408103,35.609442125820401],[139.401395673370928,35.609505058371404],[139.401347863284229,35.609569784724854],[139.401301180828909,35.609630009918249],[139.401298841180164,35.609633252936121],[139.401262258649439,35.60968395263977],[139.401230008497549,35.609728905562761],[139.401198854924985,35.609774764099825],[139.401159922917316,35.609830508504942],[139.40111322697777,35.609893437036298],[139.401068766367928,35.609950964476866],[139.401032122927319,35.609991394805604],[139.40100213836817,35.610025540937954],[139.400971008804248,35.610066892686831],[139.400938738264756,35.610115450616441],[139.400908695417741,35.610160411380043],[139.40087981775622,35.610193657005723],[139.400850963643421,35.610222398078541],[139.400814355284098,35.610256518807304],[139.400808996857677,35.610261747504111],[139.400771080243828,35.610298728171053],[139.400725604368262,35.61034002904352],[139.400708652111661,35.610325646807098],[139.400320160135607,35.609996056753715],[139.400118051059621,35.610017866133866],[139.399986578506002,35.61004083035013],[139.399844038419616,35.610069161589564],[139.399733536038724,35.610092200256418],[139.399683818216403,35.610101035428841],[139.399671661866108,35.610103695223096],[139.399647339418067,35.610110820368995],[139.399617490465545,35.610119726859303],[139.399523510295438,35.610149133808108],[139.399498088527906,35.6101553527295],[139.399472672978419,35.610160668870023],[139.399435112131755,35.610166843621826],[139.399394232571268,35.61017390758645],[139.399355566874277,35.610180078344811],[139.399322419972179,35.610186269472926],[139.399293683516191,35.610193376489633],[139.399263839369496,35.610201380666759],[139.399233987648188,35.61021028705791],[139.399204122650104,35.61022189903867],[139.399174253460302,35.610234409944958],[139.399145487073696,35.61024692590923],[139.399117834583393,35.610257643575935],[139.399092394622954,35.610267466393076],[139.399072488076172,35.610274605656457],[139.399054803124613,35.610279048910513],[139.399038217460998,35.610284398363198],[139.399017207415824,35.610291533100131],[139.398992877140927,35.61030045929035],[139.398967426050604,35.610312086540041],[139.398939763775047,35.610324605880216],[139.398918738413101,35.610334445641143],[139.398907671555094,35.61033981272584],[139.398899915840389,35.610345193369618],[139.398887732211421,35.610353260980638],[139.398875546544076,35.610361331334033],[139.398862261597287,35.610368493283076],[139.398851184979975,35.61037566372476],[139.398840108348878,35.610382836366114],[139.398829031727729,35.610390006806043],[139.39881906346551,35.610396281184428],[139.398803558236125,35.610406140785742],[139.398789159352475,35.610415102667254],[139.398774761812973,35.610424064552134],[139.398759280958558,35.610429415194119],[139.398747118967862,35.61043297877994],[139.398734963215105,35.610435637937854],[139.398721714379661,35.610436492515404],[139.398710671862375,35.610437354480375],[139.39869962935677,35.610438214243715],[139.398688591716308,35.610438174525775],[139.3986775589415,35.610437235326437],[139.398667633206429,35.610435395660687],[139.398656605321662,35.610433552577895],[139.39864668159376,35.610431715668305],[139.398633471775469,35.610425357888872],[139.398621354350013,35.610420807436356],[139.398602643202906,35.610410824159793],[139.398580626441742,35.610399930033964],[139.398558614580168,35.610388131471929],[139.398534396399356,35.610376327163664],[139.398525471206227,35.610372976519493],[139.398522278986832,35.610371776700219],[139.398507958117364,35.610366317154508],[139.398494743444161,35.61036086048906],[139.398480417701933,35.610356302070734],[139.398466098176556,35.610350844174874],[139.398452877278402,35.610346289730835],[139.398439657729057,35.610341735290099],[139.398435252845587,35.6103399154822],[139.398413216613875,35.610332626396634],[139.398371370003474,35.610314448332971],[139.398341603795387,35.610308030343759],[139.398307411160516,35.610303400351775],[139.3982886512741,35.610302431633158],[139.398268794118763,35.610300558360613],[139.398251137729119,35.610299593060837],[139.39823459106222,35.61029773005712],[139.398220248522762,35.610296776140217],[139.398205908156655,35.610294923281231],[139.398192678876114,35.610292169973803],[139.398178367802984,35.610284908123667],[139.398162973446006,35.610274035572914],[139.398142075596922,35.610260440293658],[139.398140380331512,35.6102593663405],[139.39811347503192,35.610242309309584],[139.398082673712878,35.610223271438528],[139.398051869725464,35.610204231348177],[139.398024363604804,35.610187906031662],[139.398003455360652,35.610176113535211],[139.397986938013844,35.610168844257117],[139.397971505991336,35.610165181284067],[139.397953859396637,35.610162414225535],[139.397929600956786,35.610157819930365],[139.397903130649524,35.610154119905026],[139.397872245711739,35.610150403406593],[139.397842458042305,35.610147590905342],[139.397815991958737,35.610142988626087],[139.397793941187075,35.610138402263281],[139.397776300842196,35.610134732950932],[139.397759763983288,35.610131068715816],[139.397744330619048,35.61012740790806],[139.397724503520777,35.610120124453708],[139.397702486959645,35.610109229601981],[139.397679361361469,35.610099230794177],[139.397657335043789,35.610090137646409],[139.397634194128244,35.610082841671513],[139.397607744083786,35.610075535953797],[139.397575784355155,35.610066406951859],[139.397540511471249,35.61005726598588],[139.397500835093183,35.610046305718974],[139.397462262202964,35.610035351621299],[139.397427005366382,35.610023505578958],[139.397392847801882,35.610012566843579],[139.397356497945538,35.609998915084702],[139.397312439202437,35.609981630334048],[139.397267279696877,35.609964339390615],[139.39722873623154,35.609947976220191],[139.397200106621597,35.609935254537575],[139.397178085299203,35.609925259062237],[139.397162435714563,35.609916390750953],[139.397160477925382,35.609915280624449],[139.39714616970582,35.609908018649115],[139.397123083371895,35.609890809567815],[139.397105500479739,35.609876323809921],[139.397076935208219,35.609851882978148],[139.397042871422371,35.609823817124195],[139.397040891654541,35.609822288800096],[139.397007697934157,35.609796648399119],[139.396975811798001,35.609773998940149],[139.396950527001223,35.609754980676115],[139.396929648407138,35.609737777327794],[139.396905463579401,35.60971966252702],[139.396863653231293,35.609695175967353],[139.39680200976224,35.6096643068974],[139.396730446547735,35.609630695317023],[139.396702940691057,35.609614372023003],[139.396596308280408,35.609534663341066],[139.396464494254786,35.60941700654935],[139.396426093081402,35.609374503663354],[139.396382976481846,35.609326727476294],[139.396292237280306,35.609226190802723],[139.396251291324035,35.60904306452327],[139.396215910635107,35.608850945295181],[139.396201771843835,35.608798824154391],[139.396154233891139,35.608623574614285],[139.396152069046053,35.608615455293268],[139.39604762523166,35.608539360858877],[139.395997118163734,35.608490501362077],[139.395965408571783,35.608435404343794],[139.395949132076794,35.608383965837263],[139.395930667600112,35.608328915317934],[139.395898850842514,35.608293645929052],[139.395857159731037,35.60824752460735],[139.395745004400425,35.608168698358789],[139.395626110677711,35.608111478404034],[139.395509285218992,35.608079505235537],[139.395489439065983,35.608075827290449],[139.395440912274978,35.608068440878881],[139.395386878657774,35.608059230445114],[139.395257816293196,35.608045239895624],[139.39519386221221,35.608033288140248],[139.39513550257135,35.608007837817077],[139.395024446888016,35.607929914391256],[139.394973724490285,35.607920715836791],[139.394670503629925,35.608065633708115],[139.3945410028347,35.608127762193625],[139.39453438611622,35.608130936096387],[139.394356747847326,35.608118571316346],[139.394256859802567,35.608219159301171],[139.394203627876749,35.608264934679113],[139.394185885901521,35.608280194424246],[139.394168168604637,35.60829562150348],[139.394148716397751,35.608312558467922],[139.393996222926461,35.608445340500701],[139.394151202078433,35.608567591474618],[139.393942687422793,35.608749813560181],[139.394783001338851,35.609376903143648],[139.394816409318565,35.609402165272265],[139.395810398118613,35.610149238677721],[139.396585360149288,35.610739743391022],[139.397067031777482,35.611063303263471],[139.397566574877118,35.611358930377463],[139.398677011608868,35.611964133107385],[139.398717123500461,35.612304115853682],[139.398796701055488,35.612347392567422],[139.398915970474036,35.612194942416721],[139.399424479174627,35.61236545831882],[139.400342044940743,35.612729361685687],[139.401002769219161,35.612899254040272],[139.401183270223896,35.612945671307259],[139.401847455696725,35.6130426872123],[139.402015168965988,35.61238818413814],[139.402123852638653,35.612254566154874]]]]}}
]
}
